codigo,nomoficial,nomanter,descripcion,tipo,año_nombre
16025,11 DE septiembre DE 1888,11 DE septiembre,"Fecha de la revolución organizada por dirigentes porteños contra las fuerzas de Urquiza, que culminó con la separación de la
provincia de Buenos Aires del resto de la Confederación.",revolución,1855
18009,15 DE noviembre DE 1889,ARMONIA,15 de Noviembre de 1889: fecha en la que fue proclamada la República del Brasil.,independencia (pais extranjero),1912
1165,18 DE octubre DE 1908,PJE (F.F.DE LA CRUZ 5300),,,
4115,2 DE abril DE 1982,,Inicio guerra de Malvinas,guerra,
21050,3 DE febrero,,"3 de Febrero de 1852: fecha de la batalla de Caseros, donde las fuerzas de Urquiza derrotan a las de Juan Manuel de Rosas",batalla,
23022,20 DE febrero,,,,
0,14 DE abril,,,,
23024,25 DE mayo,,,,
0,23 DE junio,,,,
3270,5 DE julio,,,,
3102,14 DE julio,DEL COLEGIO,,,
4080,12 DE octubre,,,,
0,17 DE octubre,,,,
23025,24 DE noviembre,,,,
0,8 DE diciembre,,,,
0,14 DE SEPTIEMBRE (NO OFICIAL),,,,
17121,1ro DE MAYO,,,,
23023,20 DE SETIEMBRE,CARCARAÑA,,,
23026,27 DE FEBRERO AV.,CALLE DE RIVERA,,,
0,3 DE ABRIL (NO OFICIAL),,,,
14029,9 DE JULIO AV.,,,,
30066,"ABDALA, GERMAN",SIN NOMBRE OFICIAL (ALT.IRALA 100),,,
1001,ACASSUSO,,,,
0,ACCESO MAIPU,,,,
0,ACCESO NORTE - PANAMERICANA,,,,
0,ACCESO SHOPPING DOT (NO OFICIAL),,,,
24007,ACCESO WILSON,,,,
1003,ACEVEDO,,,,
1004,"ACEVEDO, EDUARDO",PARQUE DEL OESTE (parcial) - AMAMBAY,,,
1009,"ACHA, MARIANO, Gral.",ACHA,,,
1010,ACHALA,,,,
1011,ACHAVAL,MONTARCE,,,
1155,"ACHAVAL RODRIGUEZ, T., DR. AV.",AV. COSTANERA 9 DE JULIO,,,
1012,ACHEGA,PELAYO,,,
1013,ACHIRA,,,,
1014,ACHUPALLAS,,,,
1005,ACONCAGUA,,,,
1006,"ACOSTA, MARIANO",CAMINO DE LA FLORESTA,,,
1006,"ACOSTA, MARIANO AV.",CAMINO DE LA FLORESTA,,,
1007,ACOYTE,,,,
1007,ACOYTE AV.,,,,
1008,"ACUÑA DE FIGUEROA, FRANCISCO",ALMAGRO,,,
1002,AEROLINEAS ARGENTINAS,,,,
1015,AGACES,,,,
1017,AGOTE PEDRO,,,,
1016,"AGOTE, LUIS Dr.",ANCHORENA,,,
1018,AGRELO,,,,
1019,"AGUADO, ALEJANDRO M. DE",RUFINO DE ELIZALDE,,,
1020,AGUARIBAY,,,,
1021,AGUAS BUENAS,,,,
1022,AGUERO,LAPRIDA (parcial),,,
1023,AGUILAR,,,,
1024,AGUIRRE,,,,
1025,"AGUIRRE, JULIAN",,,,
1026,AIZPURUA,,,,
1027,ALAGON,MUNIZ,,,
1028,ALBANIA,,,,
1029,ALBARELLOS AV.,,,,
1030,ALBARIÑO,ALVARIÑO,,,
1030,ALBARIÑO,,,,
1031,ALBARRACIN,,,,
1032,"ALBARRACIN DE SARMIENTO, PAULA",,,,
1033,"ALBERDI, JUAN BAUTISTA AV.",PROVINCIAS UNIDAS,,,
1034,ALBERTI,,,,
1035,ALCARAZ,ZORREGUIETA,,,
1036,"ALCORTA, AMANCIO AV.",CAMINO PUENTE ALSINA,,,
1037,"ALEM, LEANDRO N. AV.",PASEO DE JULIO,,,
1038,ALEMANIA,,,,
1039,ALFARERO,,,,
0,ALFONSINA STORNI (NO OFICIAL) (VILLA 31),,,,
1040,ALGARROBO,SEGUNDA SANTA MARIA,,,
1041,ALICANTE,,,,
1064,ALLENDE,ESTOKOLMO,,,
1042,ALMAFUERTE AV.,ARENA,,,
1042,ALMAFUERTE AV.,,,,
1043,ALMAGRO,,,,
1044,"ALMEIRA, HILARIO de",,,,
1045,ALPATACAL,,,,
1046,"ALSINA, ADOLFO",,,,
1047,"ALSINA, VALENTIN AV.",,,,
1048,ALTA GRACIA,,,,
1049,ALTOLAGUIRRE,,,,
1050,ALVAR NUÑEZ,,,,
1051,ALVARADO,,,,
1054,"ALVAREZ DE ACEVEDO, TOMAS",,,,
1056,ALVAREZ JONTE,JONTE,,,
1056,ALVAREZ JONTE AV.,JONTE,,,
1058,"ALVAREZ PRADO, MANUEL",ALVAREZ PRADO MARQUEZ,,,
1059,ALVAREZ THOMAS AV.,,,,
1052,"ALVAREZ, AGUSTIN",,,,
1053,"ALVAREZ, CRISOSTOMO",,,,
1055,"ALVAREZ, DONATO, Tte. Gral.",BELLA VISTA,,,
1055,"ALVAREZ, DONATO, Tte. Gral. AV.",BELLA VISTA,,,
1057,"ALVAREZ, JULIAN",ALVAREZ,,,
1060,ALVEAR,,,,
1060,ALVEAR AV.,,,,
1061,"ALVEAR, EMILIO, de",LOURDES,,,
1062,"ALVEAR, MARCELO T. De",CHARCAS,,,
1063,ALZAGA,LINIERS,,,
1065,AMALIA,,,,
1066,AMAMBAY,,,,
1067,AMANCAY,,,,
1069,AMBERES,,,,
1070,"AMBROSETTI, JUAN B.",MOCORETA,,,
1071,"AMEGHINO, FLORENTINO, Dr.",MORETO - AMEGHINO,,,
1072,AMENABAR,,,,
1074,AMPERE,,,,
1075,AMSTERDAM,,,,
1159,ANASAGASTI,GUISE,,,
1076,ANCASTE,,,,
1078,"ANCHORENA, TOMAS MANUEL DE, DR.",ANCHORENA,,,
1079,ANCHORIS,,,,
1077,ANCON,,,,
1080,ANDALGALA,,,,
1081,ANDALUCIA,,Andalucía: región del sur de España.,ciudad extranjera,
1082,ANDONAEGUI,,,,
1083,ANDORRA,,,,
1084,"ANDRADE, OLEGARIO, V.",ANDRADE,,,
1085,ANGACO,SEGUNDA SAN JUAN,,,
1086,ANKARA,ANGORA,,,
1087,ANTARTIDA ARGENTINA AV.,,,,
1088,ANTEQUERA,,,,
1089,ANTEZANA,ARAOZ - SOMELLERA (parcial),,,
1090,ANTOFAGASTA,CUETO,,,
1091,AÑASCO,"ROJAS, FLORENCIA",,,
1092,APULE,ALDAO,,,
1093,AQUINO,,,,
1094,"ARANGUREN, JUAN F., Dr.",SAN EDUARDO,,,
1095,ARAOZ,,,,
1160,"ARAOZ ALFARO, GREGORIO, DR","NEUQUEN-ARLT, ROBERTO",,,
1163,"ARAOZ DE LAMADRID, GREGORIO, GRAL.",LAMADRID,,,
1096,"ARATA, PEDRO N.",,,,
1097,ARAUJO,,,,
9027,"ARBELETCHE, ANIBAL P.",ITAQUI,,,
1098,ARCAMENDIA,VILCAPUGIO CARRASCO,,,
1099,ARCE,,,,
1100,"ARCE, MANUEL",,,,
1102,ARCOS,,,,
1103,"ARENAL, CONCEPCION",ESTADOS,,,
1103,"ARENAL, CONCEPCION",,,,
1104,ARENALES,,,,
1105,ARENGREEN,,,,
1106,AREVALO,,,,
1107,ARGAÑARAS,,,,
1108,ARGELIA,,,,
1109,ARGENTINA AV.,,,,
1110,ARGERICH,"JOSE, BERGALLO (parcial)",,,
1110,ARGERICH,,,,
1154,"ARGUIBEL, ANDRES",,,,
1111,ARIAS,,,,
1112,ARIEL,,,,
1113,ARISMENDI,,,,
1114,ARIZONA,,,,
1115,ARJONILLA,,,,
8039,"ARMAUER HANSEN, GERARDO, Dr.",,,,
1003,ARMENIA,ACEVEDO,,,
1157,"AROLAS, EDUARDO",ARISTOBULO DEL VALLE,,,
1116,AROMA,,,,
1117,AROMO,,,,
1118,ARQUIMEDES,,,,
1119,"ARREDONDO, Virrey",ARREDONDO,,,
1120,ARREGUI,,,,
1120,ARREGUI AV.,,,,
1121,ARRIBEÑOS,,,,
1122,ARRIOLA,OBES,,,
1123,ARROTEA,SAN GENARO Y SAN MIGUEL,,,
1124,ARROYO,PUEYRREDON,,,
1126,ARTIGAS MANUEL de,,,,
1125,"ARTIGAS, JOSE GERVASIO, GRAL.",SUDAMERICA,,,
1127,ARTILLEROS,,,,
5080,ARZOBISPO ESPINOSA,DIAMANTE,,,
1128,ASAMBLEA AV.,CRISOSTOMO ALVAREZ,,,
1129,ASCASUBI,,,,
1130,ASIA,,,,
0,ASTURIAS AV (NO OFICIAL),,,,
1167,ASTURIAS AV.,,,,
1131,ASUNCION,,,,
1132,ATACALCO,,,,
1133,ATAHUALPA,,,,
1134,ATENAS,,,,
1136,ATUEL,,,,
1166,"AUBAIN, TEODORO Dr.",,,,
50008,"AUBRUN, EMILIO",SIN NOMBRE OFICIAL (ALT. LARRAZABAL 4600),,,
1137,AUSTRALIA AV.,,,,
1138,AUSTRIA,GALLO,,,
0,AUTOPISTA 1 SUR PRESIDENTE ARTURO FRONDIZI,AUTOPISTA 9 DE JULIO SUR,,,
0,AUTOPISTA 25 DE MAYO,,,,
99483,AUTOPISTA ARTURO ILLIA,,,,
0,AUTOPISTA BUENOS AIRES - LA PLATA,,,,
99518,AUTOPISTA DELLEPIANE LUIS TTE. GRAL.,,,,
0,AUTOPISTA DR. RICARDO BALBIN,AUTOPISTA BUENOS AIRES - LA PLATA,,,
0,AUTOPISTA PERITO MORENO,,,,
0,AUTOPISTA PRESIDENTE HÉCTOR J. CÁMPORA,,,,
50030,AV BARRIO NUEVO LAS TIRAS (NO OFICIAL),SIN NOMBRE OFICIAL (ALT. E.PERON AL 6600),,,
1140,AVALLE,,,,
1139,AVALOS,,,,
1141,AVELLANEDA,,,,
1141,AVELLANEDA AV.,,,,
1142,"AVILES, VIRREY",AVILES,,,
1143,AYACUCHO,,,,
1144,AYOLAS,,,,
1145,AYUI,,,,
1146,AZARA,,,,
1147,AZCUENAGA,,,,
1148,"AZCUENAGA, DOMINGO DE",,,,
1149,AZOPARDO,,,,
1150,AZUL,,,,
0,"AZUL, PASAJE",,,,
1151,AZURDUY JUANA,,,,
2002,BACACAY,,,,
2002,BACACAY AV.,,,,
2005,"BACH, JUAN SEBASTIAN",,,,
2003,"BACLE, CESAR H.",,,,
2004,BACON,,,,
2006,BAEZ,,,,
2007,BAHÍA,,,,
2008,BAHIA BLANCA,,,,
2009,BAIGORRI,,,,
2010,BAIGORRIA,,,,
2147,"BALANDRA, CARMEN",,,,
2011,BALBASTRO,,,,
2012,"BALBIN, JOSE CELEDONIO",,,,
4053,"BALBIN, RICARDO, DR. AV.",SAN ISIDRO-DEL TEJAR,,,
4053,"BALBIN, RICARDO, DR. AV.",,,,
2013,BALBOA,,,,
2014,BALCARCE,,,,
2015,"BALCARCE, FLORENCIO",AFRICA,,,
2016,"BALDRICH, JUAN A. de, Cnel.",,,,
99591,"BALIÑA, PEDRO, Dr.",IRIARTE,,,
2018,BALLIVIAN,,,,
2017,"BALTORE, JOSE R.",,,,
2155,BANCHS ENRIQUE,FERNANDEZ MORENO,,,
2019,BARADERO,,,,
2020,BARAGAÑA,,,,
2140,BARCA CABO DE HORNOS,,,,
2021,BARCALA,,,,
2022,BARCELONA,,,,
3112,BARCO CENTENERA del,CENTENERA,,,
3112,BARCO CENTENERA del AV.,CENTENERA,,,
2024,"BARILARI, ATILIO S., Alte.",,,,
2025,BARILOCHE,,,,
2027,BARRAGAN,EL LAZO,,,
2028,BARRIENTOS,,,,
0,BARRIO 31 (NO OFICIAL),,,,
2029,"BARROS PAZOS, JOSE",BARROS PASOS,,,
2029,"BARROS PAZOS, JOSE",,,,
2023,BARZANA,BARCENA,,,
2030,BASAVILBASO,BOGADO,,,
2031,"BASAVILBASO, LEOPOLDO",,,,
2032,BASUALDO,MORON,,,
17139,BATALLA DEL PARI,PALIQUE - DARWIN,,,
2033,"BATEMAN, J. F.",,,,
2034,BATHURST,,,,
20117,"BATLLE Y ORDOÑEZ, JOSE P.T.",ORDOÑEZ - SIN NOMBRE OFICIAL (ALT. LACARRA AL 2800),,,
20117,"BATLLE Y ORDOÑEZ, JOSE P.T.",STRANGFORD,,,
20117,"BATLLE Y ORDOÑEZ, JOSE P.T.",,,,
2035,BAUNESS,,,,
2036,"BAUZA, FRANCISCO",,,,
2037,"BAVIO, ERNESTO A.",,,,
2038,BAZURCO,,,,
12138,BEADE,LOS ALPES,,,
2039,BEAUCHEF,ANSOLA,,,
2040,BEAZLEY,,,,
2041,"BECHER, EMILIO",,,,
2042,"BEDOYA, ELIAS",MIRALLA,,,
2043,BEETHOVEN,,,,
2044,BEHRING,ZOLEZZI,,,
2045,"BEIRO, FRANCISCO AV.","TRES CRUCES-PROGRESO, AV.",,,
2045,"BEIRO, FRANCISCO AV.",,,,
2046,"BELAUSTEGUI, LUIS, Dr.",MONTE DINERO,,,
2047,BELEN,,,,
2048,BELFAST,,,,
2049,BELGICA,,,,
2050,BELGRADO,,,,
2051,BELGRANO,MONSERRAT,,,
2051,BELGRANO AV.,MONSERRAT,,,
2052,BELL VILLE,,,,
2053,BELLA VISTA,,,,
2137,"BELLO, ANDRES",,,,
0,"BEMBERG, MARIA LUISA","BRASIL Av.- RAWSON DE DELLEPIANE, ELVIRA AV.",,,
0,"BEMBERG, MARIA LUISA",,,,
12031,"BENEDETTI, OSVALDO E., Dip.Nac.",LAGUNA,,,
2055,"BENIELLI, CARLOS J.",,,,
0,"BENITEZ, JULIO OMAR, CABO 1º",,,,
2056,"BERG, CARLOS",PASTEUR,,,
2056,"BERG, CARLOS",,,,
2152,BERGANTIN CONGRESO NACIONAL,,,,
2149,BERGANTIN ECHAGUE,,,,
2143,BERGANTIN GENERAL BALCARCE,,,,
2142,BERGANTIN GENERAL BELGRANO,,,,
2141,BERGANTIN GOLETA ESPORA,,,,
2148,BERGANTIN NANCY,,,,
2150,BERGANTIN VIGILANTE,TABARE,,,
2057,BERLIN,,,,
2058,BERMEJO,,,,
2145,"BERMEJO, ANTONIO Dr.",,,,
2059,BERMUDEZ,,,,
2060,"BERMUDEZ, ANTONIO",,,,
2061,"BERMUDEZ, JORGE",,,,
2062,BERNA,,,,
2063,BERNAL,,,,
2064,BERNALDES,BERNALDEZ,,,
2065,"BERNARDI, Conscripto",,,,
17133,"BERNASCONI, MARIO","PARRAL, AV.",,,
2067,BERON DE ASTRADA,,,,
2068,"BERRO, ADOLFO AV.","VIEYTES, Av.",,,
2069,BERTHELOT,,,,
2070,BERTRES,,,,
2071,BERUTI,,,,
2072,"BERUTI, ARTURO",PERUSA (parcial),,,
2073,BESARES,,,,
2074,"BETBEDER, ONOFRE, Alte.",,,,
2138,BETHLEM,,,,
2075,BEYROUTH,,,,
2076,BIALET MASSE,,,,
2077,"BIANCHI, ANDRES",,,,
2078,BIARRITZ,INDIO,,,
2001,"BIBILONI, JUAN A.",,,,
2079,"BIDEGAIN, PEDRO",GUANDACOL,,,
2080,"BIEDMA, JOSE JUAN",GEORGESTOWN,,,
13131,"BIELSA, RAFAEL, Dr.",MORLOTE,,,
2081,"BILBAO, FRANCISCO",MERLO,,,
2081,"BILBAO, FRANCISCO AV.",MERLO,,,
2082,BILLINGHURST,,,,
0,BLANCO (NO OFICIAL),,,,
2083,BLANCO ENCALADA,,,,
2084,BLANDENGUES,,,,
2085,"BLANES, JUAN MANUEL","PLANES, JUAN M. - TUNUYAN",,,
2086,"BOCAYUVA, QUINTINO",ARTES Y OFICIOS,,,
2087,BOEDO,,,,
2087,BOEDO AV.,,,,
2088,"BOERI, JUAN A.",,,,
2089,BOGADO,,,,
2090,BOGOTA,,,,
2091,BOLAÑOS,,,,
2092,BOLIVAR,,,,
0,BOLIVAR (NO OFICIAL),,,,
0,BOLIVIA,,,,
2095,BOLLINI,,,,
2094,BOLONIA,,,,
2097,BOMBAY,,,,
5032,"BONAVENA, OSCAR NATALIO",ELIA,,,
0,"BONIFACIO CHANAMPA, DANIEL",,,,
2098,"BONIFACIO, JOSE",CONVENCION,,,
2099,"BONORINO, ESTEBAN, Cnel. AV.",FERROCARRIL,,,
2100,"BONORINO, MARTINIANO",,,,
2101,BONPLAND,,,,
2102,BOQUERON,,,,
2156,"BORCHES, JOSE",,,,
2157,"BORDABEHERE, ENZO",,,,
2157,"BORDABEHERE, ENZO","BUFANO, ALFREDO R.",,,
20090,"BORGES, JORGE LUIS",SERRANO,,,
2103,"BOSCH, VENTURA",,,,
2104,BOSTON,,,,
2105,BOUCHARD,,,,
0,"BOULEVARD OLIMPICO ZUBIAU, JOSE BENJAMIN",,,,
2106,BOULOGNE SUR MER,CARLOS PELLEGRINI - NUEVA GRANADA,,,
2107,BOYACA,,,,
2107,BOYACA AV.,,,,
2108,BRAGADO,,,,
2109,"BRAILLE, LUIS",EGIPTO (parcial),,,
2110,BRANDSEN,,,,
2111,BRASIL,,,,
2111,BRASIL,2DA. BRASIL,,,
2111,BRASIL AV.,,,,
2144,"BRAUN MENENDEZ, EDUARDO, DR.",,,,
2112,BRAVARD,,,,
2113,"BRAVO, MARIO",ESPERANZA - SADI CARNOT - BOLLINI,,,
2114,"BRIN, Ministro",SANTA TERESA,,,
2115,"BROWN, ALTE. AV.",,,,
2116,"BROWN, FRANK",,,,
2117,BRUIX AV.,,,,
2118,"BRUNO, GIORDANO",,,,
2119,BRUSELAS,,,,
2121,BUCARELLI,,,,
2122,BUCAREST,,,,
2124,BUDAPEST,,,,
2125,BUERAS,,,,
2120,"BUFANO, ALFREDO R.",ZAMUDIO,,,
2126,BULGARIA,,,,
2128,"BULLRICH, INT. AV.",17 DE OCTUBRE - ALMEYRA - ARANA,,,
2127,BULNES,,,,
2129,"BUNGE, Int.",,,,
2130,BURELA,,,,
2123,BURGOS,,,,
2131,"BURMEISTER, GERMAN AV.",,,,
2132,"BUSCHIAZZO, JUAN A.",,,,
2133,"BUSTILLO, JOSE M., Gral.",SEGUNDA LOBOS,,,
0,"BUSTOS, CARLOS ARMANDO",,,,
2134,BUTTELER,,,,
17147,"BUTTY, ENRIQUE, Ing.",,,,
2135,BYNON,BYNNON,,,
2136,BYRON,,,,
3001,CAAGUAZU,,,,
3002,CABALLITO,,,,
3003,CABELLO,,,,
3004,"CABEZON, JOSE LEON",CABEZON,,,
3005,CABILDO AV.,,,,
3006,CABOT,,,,
3242,CABOTO,GABOTO,,,
3007,"CABRAL, Sgto.",,,,
9017,"CABRED, DOMINGO, Dr.",IRIARTE,,,
3008,"CABRER, Cnel.",,,,
0,"CABRERA, DELFO",,,,
3009,"CABRERA, JOSE A.",CABRERA,,,
3011,CACHEUTA,,,,
3012,CACHI,,,,
3013,CACHIMAYO,,,,
3010,CACIQUE,,,,
3014,CADIZ,,,,
3015,CAFAYATE,,,,
3016,"CAFFARENA, AGUSTIN R.",COLORADO,,,
3017,"CAFFERATA, FRANCISCO",,,,
0,"CAFRUNE, JORGE",,,,
3018,CAGLIARI,,,,
3105,CAJARAVILLA,CAXARAVILLE,,,
20030,CALABRIA AV.,"SANCHEZ, FLORENCIO",,,
3019,"CALAZA, JOSE MARIA",,,,
3020,CALCENA,,,,
3021,CALDAS,,,,
3022,CALDEN,,,,
3023,"CALDERON DE LA BARCA, PEDRO",CALDERON,,,
3024,CALFUCURA,,,,
1164,CALIFORNIA,,,,
3026,CALINGASTA,,,,
3030,CALLAO AV.,,,,
0,CALLE 10 (NO OFICIAL),,,,
50044,CALLE 12 (NO OFICIAL),,,,
99663,CALLE 13 (NO OFICIAL),,,,
99641,CALLE 14 (NO OFICIAL),,,,
50042,CALLE 7 (NO OFICIAL),,,,
0,CALLE 8 (NO OFICIAL) (VILLA 31),,,,
50043,CALLE 9 (NO OFICIAL),,,,
0,CALLE KEVIN (NO OFICIAL),,,,
0,CALLE MANZANAS 21-22 (NO OFICIAL),,,,
0,CALLE MANZANAS 52A-52B (NO OFICIAL),,,,
3027,"CALOU, JUAN P.",,,,
3028,"CALVO, CARLOS",EUROPA,,,
3028,"CALVO, CARLOS",,,,
3028,"CALVO, CARLOS AV.",EUROPA,,,
0,CALZADA CIRCULAR PLAZA DE LOS CONGRESOS,,,,
0,CALZADA CIRCULAR PLAZA ITALIA,,,,
3029,"CALZADILLA, SANTIAGO",,,,
3032,CAMACUA,,,,
3033,CAMARGO,,,,
3034,CAMARONES,,,,
3035,"CAMBIESES, EUSTAQUIO",,,,
0,"CAMET, FRANCISCO",,,,
3036,CAMINITO,,,,
3037,"CAMINO, MIGUEL ANDRÉS",,,,
3038,CAMOATI,,,,
3039,CAMPANA,,,,
0,"CAMPBELL, JEANETTE",,,,
3040,CAMPICHUELO,,,,
3041,CAMPILLO,,,,
3044,CAMPOS SALLES,APIPE,,,
3042,"CAMPOS, GASPAR",,,,
3043,"CAMPOS, LUIS M. AV.",GUTENBERG,,,
3045,CANADA,,,,
3254,"CANARD, BENJAMIN, DR.",,,,
3048,CANDELARIA,,,,
3049,"CANE, MIGUEL",,,,
1105,CANGALLO,CANGALLO - ARENGREEN,,,
3051,CANGAYE,,,,
3053,CANTILO,,,,
3054,"CANTILO, Int.",,,,
3265,"CANTILO, JOSE LUIS",VALPARAISO-LACAR,,,
3056,CAÑADA DE GOMEZ,,,,
3259,CAÑONERA AMERICA,,,,
3057,CAÑUELAS,MAGAN,,,
3058,CAPDEVILA,,,,
3025,"CAPDEVILA, ARTURO",,,,
3059,CAPERUCITA,,,,
3060,CARABELAS,,,,
3061,CARABOBO AV.,,,,
3062,CARACAS,,,,
3063,CARANDAY,,,,
3064,CARAPACHAY,,,,
3065,CARBAJAL,,,,
3066,"CARBALLIDO, JOSE E.",,,,
3067,"CARBONARI, FRANCISCO, Cmte.",DEL CRUCERO,,,
3068,"CARCANO, RAMON J.",,,,
4019,"CARCOVA, DE LA",CARCOSA,,,
3069,"CARDENAS, CNEL. AV.",,,,
3070,CARDOSO,MOZART,,,
3071,CARHUE,,,,
3072,CARICANCHA,,,,
3073,CAROYA,,,,
3075,"CARRANZA, ADOLFO P.",ELIZALDE,,,
3074,"CARRANZA, ANGEL JUSTINIANO",CARRANZA,,,
3076,"CARRANZA, CARLOS",,,,
3077,CARRASCO AV.,,,,
4030,"CARRERAS, SANTIAGO de las",TURNER,,,
9014,"CARRERAS, SEGUNDO IÑIGO",LUCHTER NORTE,,,
3078,"CARRIEGO, EVARISTO",,,,
4039,"CARRIL, SALVADOR MARIA DEL AV.","NACIONAL, Av.",,,
2139,"CARRILLO, RAMON, DR.",BARRACAS-VIEYTES,,,
3080,CASACUBERTA,ITALIA,,,
3081,CASAFOUST,FITZ ROY,,,
3082,CASARES AV.,,,,
20082,"CASARES, ADOLFO BIOY","JUNIN - SCHIAFFINO, EDUARDO",,,
3083,CASCO,AYOHUMA,,,
3084,"CASCO, HORACIO, Dr.",,,,
3084,"CASCO, HORACIO, Dr.",SIN NOMBRE OFICIAL (ALT. MOZART 2050),,,
3085,CASEROS AV.,,,,
3086,CASTAÑARES AV.,,,,
3087,CASTAÑEDA,,,,
3088,CASTAÑON,DE VITA,,,
3089,"CASTELAR, EMILIO",,,,
3090,"CASTELLANOS, JOAQUIN","GONZALEZ, JOAQUIN V.",,,
3091,CASTELLI,,,,
3092,CASTEX,,,,
3093,"CASTILLA, RAMON, MARISCAL",SANCHEZ DE BUSTAMANTE,,,
3094,CASTILLO,,,,
5003,"CASTILLO, CATULO","PROGRESO-ECHAGUE, PEDRO",,,
4107,"CASTILLO, JUAN del",,,,
3253,"CASTILLO, RAMON S., PRES. AV.",,,,
3095,CASTRO,,,,
3096,CASTRO BARROS,,,,
3096,CASTRO BARROS AV.,,,,
3097,"CASTRO, EMILIO",ZEQUEIRA(PARCIAL)-SAN JUSTO,,,
3097,"CASTRO, EMILIO AV.",SAN JUSTO,,,
3098,"CASTRO, JUAN de",,,,
3243,"CASTRO, ROSALIA DE",,,,
3100,CATAMARCA,,,,
3101,CATANIA,,,,
3103,CATRIEL,,,,
3104,CAVIA,SALGUERO,,,
3106,CAYASTA,,,,
3262,CAZADORES,,,,
3111,CENTENARIO,TRES ARROYOS,,,
3114,"CEPEDA y AHUMADA, RODRIGO de",,,,
3115,CERETTI,,,,
3116,"CERRI, DANIEL, Gral.",PRESIDENTE,,,
3117,CERRILLOS,,,,
3118,CERRITO,,,,
3119,CERVANTES,,,,
3120,CERVIÑO AV.,,,,
3121,CESPEDES,,,,
3122,"CEVALLOS, Virrey",ZEBALLOS - CEVALLOS,,,
3214,CHACABUCO,,,,
3215,CHACO,QUITO,,,
3216,"CHAGAS, CARLOS",,,,
3217,CHAJARI,,,,
3218,CHAMICAL,,,,
17056,"CHAMPAGNAT, MARCELINO",PEPIRI,,,
3219,CHARCAS,,,,
3220,CHARLONE,CASTILLO - ASIA,,,
3221,CHARRUA,SUD,,,
3222,CHASCOMUS,,,,
3223,"CHASSAING, JUAN",,,,
3224,"CHAVEZ, JORGE",ALIANZA,,,
3225,CHECOSLOVAQUIA,JOSEFINA E. BUTLER,,,
3226,"CHENAUT, INDALESIO, GRAL. AV.",DORREGO - CHENAUT,,,
3227,CHICLANA AV.,,,,
3228,CHICOANA,,,,
3229,"CHILAVERT, MARTINIANO, CORONEL",PATAGONES - CHILABERT,,,
3229,"CHILAVERT, MARTINIANO, CORONEL",,,,
3230,CHILE,,,,
3230,CHILE AV.,,,,
3231,CHILECITO,,,,
3232,CHIMBORAZO,,,,
3233,CHINA,,,,
3234,CHIRIGUANOS,,,,
3235,CHIRIMAY,,,,
3258,CHIVILCOY,,,,
3258,CHIVILCOY AV.,,,,
3241,CHONINO,,,,
3237,CHORROARIN,,,,
3237,CHORROARIN AV.,,,,
3238,CHUBUT,,,,
3239,CHUMBICHA,,,,
3240,"CHUTRO, PEDRO, Prof., Dr.",TUPUNGATO,,,
3124,CIPOLLETTI,,,,
3125,CISNE,,,,
3126,"CISNEROS, Virrey",CISNEROS,,,
3127,"CITTADINI, BASILIO",,,,
3128,CIUDAD DE LA PAZ,GRAL.PAZ,,,
3129,CIUDAD DE SABADELL,AMADO NERVO,,,
3130,CIUDADELA,2DA. BRASIL,,,
3131,"CIVIT, EMILIO",,,,
3132,CLAY,2DA. DORREGO,,,
3133,COBO AV.,CASEROS,,,
3134,COCHABAMBA,,,,
3135,COCHICO,,,,
3136,COCHRANE,,,,
3137,"COGHLAN, JUAN M.",,,,
99613,COLECTORA AUTOPISTA ARTURO ILLIA,,,,
3054,"COLECTORA CANTILO, Int.","CANTILO, Int.",,,
3138,COLIGUE,,,,
3139,COLIQUEO,,,,
3149,"COLLIVADINO, PIO",,,,
3140,"COLMO, ALFREDO",LA COLMENA,,,
3142,COLOMBIA AV.,,,,
3143,COLOMBO LEONI EDUARDO,,,,
0,"COLOMBO, CARLOS AMBROSIO",,,,
3145,COLOMBRES,,,,
3146,COLONIA AV.,,,,
3147,COLPAYO,,,,
3148,COLUMBIA,,,,
3271,COMBATE DE COSTA BRAVA,,,,
3150,COMBATE DE LOS POZOS,POZOS,,,
3264,COMBATE DE SAN CARLOS,CALLE 8,,,
1055,COMBATIENTES DE MALVINAS AV.,"BELLA VISTA - ALVAREZ, DONATO, Tte. Gral.",,,
0,COMPLEJO CIUDAD UNIVERSITARIA (Sin Nombre Oficial),,,,
0,COMPLEJO PARQUE DE LOS NIÑOS (Sin Nombre Oficial),,,,
3151,CONCORDIA,,,,
3152,CONDARCO,,,,
3153,CONDE,,,,
3154,CONDOR,BROWN,,,
3155,CONESA,,,,
3156,CONGRESO,,,,
3156,CONGRESO AV.,,,,
3157,"CONI, EMILIO R., Dr.",,,,
3158,CONSTANTINOPLA,,,,
3159,CONSTITUCION,,,,
30037,CONTINUACION AV. COREA (SIN NOMBRE OFICIAL),SIN NOMBRE OFICIAL (ALT. AV EST. BONORINO 1700),,,
30037,CONTINUACION AV. COREA (SIN NOMBRE OFICIAL),,,,
3160,CONVENCION,,,,
30020,"COOKE, JOHN W.",,,,
3161,COOPERACION,,,,
3162,COPAHUE,BARCELO,,,
3163,COPENHAGUE,,,,
3164,COPERNICO,,,,
3260,CORBETA AGREABLE,,,,
3261,CORBETA BELFAST,,,,
3246,CORBETA URUGUAY,DE RIVERA,,,
3165,CORDOBA,RIVERA-GIRIBONE,,,
3165,CORDOBA AV.,RIVERA-GIRIBONE,,,
3061,COREA AV.,"CARABOBO, Av.- COBO, Av.",,,
3166,"CORONADO, MARTIN",,,,
3167,CORONDA,,,,
3168,CORRALES,,,,
3168,CORRALES,SIN NOMBRE OFICIAL (ALT. M. ACOSTA 3575),,,
3144,CORRALES VIEJOS,,,,
3169,CORREA,,,,
3172,"CORREA MORALES, LUCIO",,,,
3171,"CORREA, GUILLERMO, Dr.",,,,
3173,CORREGIDORES,,,,
3174,CORRIENTES AV.,TRIUNVIRATO (parcial),,,
4110,"CORRO, MIGUEL C. DEL, CANONIGO AV.",CORRO,,,
5079,"CORTAZAR, JULIO",ESPINOSA,,,
3176,"CORTEJARENA, JOSE A.",ACONCAGUA,,,
3177,"CORTES, GERONIMO",,,,
3178,CORTINA,,,,
3179,CORVALAN,,,,
3180,COSQUIN,,,,
3272,"COSSETTINI, OLGA",,,,
3183,COSTA RICA,,,,
3182,"COSTA, EDUARDO",,,,
3263,"COSTAMAGNA, SANTIAGO",Ex Calle 7 Barrio Savio,,,
3184,COTAGAITA,2§ RIOJA,,,
3185,COTOCOLLAO,,,,
3186,"COUTO, MIGUEL",,,,
3187,"COUTURE, EDUARDO J.",,,,
3188,CRAIG,1° DE NOVIEMBRE,,,
3190,CRAINQUEVILLE,,,,
3189,CRAMER,,,,
3189,CRAMER AV.,,,,
3191,CRANWELL,,,,
3192,CRESPO,SAN MARTIN (parcial),,,
3192,CRESPO (NO OFICIAL),,,,
0,CRISTANIA,,,,
0,CRISTANIA,PASILLO SIN NOMBRE OFICIAL (ALT. OSVALDO CRUZ 3750),,,
0,CROVARA,,,,
0,CROVARA,PASILLO SIN NOMBRE OFICIAL (ALT. OSVALDO CRUZ 3770),,,
3274,CRUCERO GRAL. BELGRANO,,,,
3193,CRUZ DEL EJE,,,,
3194,CRUZ DEL SUD,,,,
13125,"CRUZ, JUANA INES DE LA, SOR",MORELOS(PARCIAL),,,
3196,"CRUZ, OSVALDO",,,,
3196,"CRUZ, OSVALDO AV.",,,,
3197,CUBA,,,,
3198,"CUBAS, JOSE",CARACAS,,,
3199,CUCHA CUCHA,,,,
3200,CUENCA,,,,
3201,"CUERVO, RUFINO J.",,,,
3202,CULLEN,,,,
3203,CULPINA,,,,
3204,"CUNEO, FRANCISCO",,,,
3205,"CUNNINGHAME GRAHAM, ROBERTO",,,,
3206,CURA BROCHERO,,,,
3207,CURAPALIGUE,,,,
3207,CURAPALIGUE AV.,,,,
13155,"CURATELLA MANES, PABLO",,,,
3208,"CURIE, MARIA AV.",,,,
3209,CURITYBA,,,,
3210,CURUPAYTI,,,,
3211,CURUZU CUATIA,,,,
3245,"CUTER, LUISITO",,,,
3212,CUYO,,,,
3213,CUZCO,,,,
0,"CYMES, JUAN",,,,
4003,"D'AMICIS, EDMUNDO",,,,
0,D'ARIENZO JUAN,,,,
4103,"D'ESPOSITO, ARNALDO",,,,
4013,"DA VINCI, LEONARDO",,,,
4001,DAGUERRE,,,,
4002,"DAMIANOVICH, ELEODORO, Dr.",,,,
4004,DANEL,,,,
4005,"DANTAS, JULIO S.",ZARAGOZA,,,
4006,DANTE,,,,
4007,DARACT AV.,JOSE MARIA MORENO,,,
4009,"DARQUIER, JUAN",,,,
4010,DARREGUEYRA,DARREGUEIRA,,,
6025,"DÁRSENA FIGUEROA ALCORTA, PRES. AV.",,,,
4011,DARWIN,,,,
8028,"DAVEL, DESIDERIO FERNANDO, DR.",HUEMUL,,,
4012,DAVILA,,,,
4516,"DE LA BARRA, EMMA",,,,
4020,DE LA ECONOMIA,,,,
4021,DE LA INDUSTRIA,,,,
1171,DE LA MISERICORDIA,,,,
4023,DE LA PIEDAD,,,,
12061,"DE LA ROSA, JOSE I., DR.",LA ROSA,,,
12061,"DE LA ROSA, JOSE I., DR.",SIN NOMBRE OFICIAL (ALT. L.P.BUENA 3200),,,
4033,DE LA TECNICA,,,,
21019,"DE LA TORRE, LISANDRO",SAN FERNANDO - TELLIER,,,
21019,"DE LA TORRE, LISANDRO AV.",SAN FERNANDO - TELLIER,,,
4029,DE LAS ARTES,,,,
4031,DE LAS CIENCIAS,,,,
4032,DE LAS GARANTIAS,,,,
4043,DE LOS CONSTITUYENTES AV.,LIBERTAD,,,
4043,DE LOS CONSTITUYENTES AV.,,,,
4044,DE LOS CORRALES AV.,"CHICAGO, Av.",,,
4045,DE LOS INCAS AV.,,,,
4045,DE LOS INCAS AV.,"PROGRESO, Av.",,,
4113,DE LOS INMIGRANTES AV.,,,,
4046,DE LOS ITALIANOS AV.,,,,
0,DE LOS NIÑOS,,,,
4515,DE LOS OMBUES AV.,"SANCHEZ, FLORENCIO",,,
4515,DE LOS OMBUES AV.,,,,
4064,DE MAYO AV.,,,,
5103,"DE MOUSSY, MARTIN",,,,
4099,"DE SIMONE, VICENTE",,,,
4028,"DEALESSI, PIERINA",,,,
4014,DEAN FUNES,,,,
4015,"DEDICO, DOMINGO, Agente",,,,
4016,DEFENSA,,,,
4017,DEHEZA,,,,
4018,DEKAY,,,,
0,DEL ANGEL GRIS (NO OFICIAL),,,,
4035,DEL BAÑADO,,,,
4036,DEL BUEN ORDEN,,,,
4037,DEL CAMPO AV.,,,,
4038,DEL CARMEN,,,,
0,"DEL CARRIL, HUGO",,,,
4040,DEL COLEGIO,,,,
4041,DEL COMERCIO,,,,
19056,DEL FOMENTISTA AV.,"ROBINSON, CARLOS",,,
12107,DEL LIBERTADOR AV.,"DEL LIBERTADOR GENERAL SAN MARTIN, Av.(parciales :",,,
0,DEL PALO SANTO,,,,
4048,DEL PARQUE,,,,
4051,DEL PROGRESO,,,,
4052,DEL SIGNO,,,,
4054,DEL TEMPLE,,,,
4055,DEL TIGRE,,,,
4022,DELAMBRE,,,,
4042,DELGADO,,,,
4105,"DELLA PAOLERA, CARLOS M.",,,,
4060,"DELLEPIANE, LUIS",LA PAZ,,,
4102,"DELLEPIANE, LUIS, TTE. GRAL.",,,,
30071,DELPINI JOSE L ING.,,,,
4061,DEMARIA,,,,
4062,"DEMARIA, ISIDORO",ROSSI,,,
4063,"DEMARIA, MARIANO",,,,
0,"DEMIDDI, ALBERTO",,,,
4065,DERQUI AV.,CAMINO DE MATANZA,,,
4066,DESAGUADERO,VENECIA,,,
4112,"DESCALZI, NICOLAS",EX CALLE 4 BARRIO,,,
4067,DESEADO,,,,
4069,"DEVOTO, FORTUNATO",,,,
0,"DI PASCUALE, JORGE",,,,
4070,DIAMANTE,,,,
3141,DIAZ COLODRERO,COLODRERO,,,
0,"DIAZ SAENZ VALIENTE, CARLOS ENRIQUE",,,,
4074,DIAZ VELEZ AV.,GAONA,,,
4114,"DIAZ, ANA",,,,
4071,"DIAZ, AVELINO",SALCEDO,,,
4072,"DIAZ, CESAR, GRAL.",SAN JULIAN,,,
4072,"DIAZ, CESAR, GRAL. AV.",SAN JULIAN,,,
4073,"DIAZ, CNEL. AV.",CORONEL (PARCIAL),,,
0,dic-86,,,,
4075,"DICKMAN, ADOLFO, Dr.",SAN BLAS,,,
4076,"DIEZ DE MEDINA, CLEMENTE",,,,
4077,DINAMARCA,,,,
4078,DIRECTORIO AV.,,,,
19012,"DISCEPOLO, ENRIQUE SANTOS",RAUCH,,,
4079,DOBLAS,TORINO,,,
4081,DOLORES,,,,
1000,DON ANSELMO AIETA,DE LA FERIA,,,
4084,DON BOSCO,ADOLFO BERRO - SAN CARLOS,,,
4085,DON CRISTOBAL,,,,
13072,DON PEDRO DE MENDOZA AV.,,,,
4087,DON SEGUNDO SOMBRA,HAEDO,,,
4082,DONADO,,,,
4086,DONIZETTI,,,,
4089,DORREGO,,,,
4089,DORREGO AV.,,,,
4090,"DRAGO, LUIS MARIA",ATACAMA,,,
4091,DRAGONES,,,,
4000,"DRESCO, ARTURO ANTONIO",,,,
4092,DRUMOND,CORTINA,,,
4093,"DUARTE, JUAN PABLO",,,,
4094,DUBLIN,,,,
4095,"DUMAS, ALEJANDRO",,,,
5022,"DUMAS, VITO",EL CONDOR,,,
4096,"DUMONT, SANTOS","CHENAUT, LEONES",,,
4097,DUPUY,,,,
5002,"ECHAGUE, CARLOS, ING.",,,,
5003,"ECHAGUE, PEDRO",PROGRESO,,,
5004,ECHAURI,,,,
5005,ECHEANDIA,,,,
5006,ECHENAGUCIA,,,,
5008,"ECHEVARRIA, VICENTE A. DE",,,,
5007,ECHEVERRIA,,,,
5001,ECUADOR,,,,
5009,"EDISON, TOMAS A. AV.",,,,
5011,"EGUIA, MANUEL",,,,
5012,"EGUIA, OSVALDO, DR.",,,,
5013,"EINSTEIN, ALBERTO",RIO SALI - SALI,,,
5014,EL ALFABETO,,,,
5015,EL ARAUCANO,,,,
5016,EL ARTESANO,,,,
5018,EL CARDENAL,,,,
5019,EL CARPINTERO,,,,
5020,EL CEIBO,,,,
5021,EL CERRO,,,,
5024,EL CHACHO,,,,
5025,EL CHASQUE,,,,
5023,EL CRIOLLO,,,,
5026,EL DELTA,,,,
5027,EL DOMADOR,,,,
0,"EL ELECTRICISTA, BUSTAMANTE, NICASIO FEDERICO",,,,
0,"EL FERROVIARIO, ANTONIO RAMON VEGA",,,,
5028,EL FOGON,SAINT SIMON,,,
5029,EL FUERTE,,,,
5030,EL GAUCHO,,,,
5031,EL HORNERO,,,,
5035,EL LITORAL,,,,
5036,EL MAESTRO,,,,
5037,EL METODO,,,,
5038,EL MIRASOL,,,,
5039,EL MISIONERO,,,,
5040,EL NENE,,,,
5041,EL ÑANDU,,,,
5042,EL PAMPERO,,,,
5043,EL PEREGRINO,,,,
5044,EL PROFETA DE LA PAMPA,,,,
5045,EL QUIJOTE,,,,
5046,EL RANCHO,,,,
5047,EL RASTREADOR,,,,
5048,EL RECADO,,,,
5049,EL REFRAN,,,,
5050,EL SALVADOR,SAN SALVADOR,,,
5051,EL SAUCE,,,,
0,EL SENDERO,,,,
5052,EL SERENO,,,,
5053,EL TALA,,,,
5054,EL TREBOL,,,,
5055,EL TROVADOR,,,,
5056,EL ZONDA,,,,
5057,EL ZORZAL,,,,
5017,ELCANO,,,,
5017,ELCANO AV.,,,,
5032,ELIA,,,,
5033,"ELIZALDE, RUFINO de",,,,
5058,EMPEDRADO,,,,
5059,"ENCINA, CARLOS",,,,
5060,ENSENADA,,,,
5061,ENTRE RIOS AV.,,,,
5062,EPECUEN,,,,
5063,EPUYEN,,,,
5064,ERASMO,,,,
5065,ERCILLA,,,,
5066,EREZCANO,VICTORIA (PARCIAL,,,
5066,EREZCANO AV.,VICTORIA (PARCIAL,,,
5067,ESCALADA AV.,,,,
5069,"ESCALADA DE SAN MARTIN, R.",DESEADO,,,
5069,"ESCALADA DE SAN MARTIN, R.",,,,
5068,"ESCALADA, CELEDONIO Cmte.",,,,
0,"ESCALADA, CELEDONIO Cmte. (NO OFICIAL)",,,,
5070,ESCOBAR,,,,
5071,ESCRIBANO,CONSTRUCTORA ARGENTINA,,,
5072,ESMERALDA,,,,
5073,ESNAOLA,SAN ANTONIO,,,
5074,ESPAÑA AV.,"9 DE JULIO - TRISTAN ACHAVAL RODRIGUEZ, Dr., Av. C",,,
5075,ESPARTACO,,,,
5102,ESPARZA,PRINGLES,,,
5077,"ESPEJO, GERONIMO, GRAL.",,,,
0,ESPERANZA,,,,
5078,ESPINILLO,,,,
5079,ESPINOSA,,,,
50027,"ESPORA, TOMAS, CORONEL DE MARINA",,,,
5082,ESPRONCEDA,,,,
5083,ESQUEL,,,,
5084,ESQUINA,,,,
5085,ESQUIU,,,,
5086,ESTADO DE ISRAEL AV.,LAVALLE - RIO DE JANEIRO,,,
19016,ESTADO DE PALESTINA,RAWSON - PALESTINA,,,
2093,ESTADO PLURINACIONAL DE BOLIVIA,,,,
5087,ESTADOS UNIDOS,,,,
5088,ESTERO BELLACO,,,,
5089,ESTEVES SAGUI,,,,
5090,"ESTEVEZ, JOSE, ING.",,,,
0,"ESTEVEZ, ROBERTO NESTOR, TENIENTE 1º",,,,
5091,ESTIVAO,POTOSI - 2¦ CANGALLO,,,
5091,ESTIVAO,POTOSI - 2°CANGALLO,,,
5092,ESTOCOLMO,,,,
5093,ESTOMBA,,,,
5094,ESTONIA,,,,
5095,ESTRADA,TARIJA,,,
5096,"ESTRADA, Juez",,,,
5097,ESTRELLA FEDERAL,,,,
5098,EUCLIDES,,,,
0,EVITA (NO OFICIAL) (VILLA 31),,,,
5104,"EYLE, PETRONA",,,,
5105,"EZCURRA, ENCARNACION",,,,
5100,EZEIZA,,,,
5101,"EZEIZA, GABINO",,,,
6001,FABRE,,,,
6002,FACUNDO,,,,
6003,"FADER, FERNANDO",,,,
6004,"FAGNANO, JOSE AV.",,,,
6006,"FALCON, RAMON L.,CNEL.",UNION,,,
6006,"FALCON, RAMON L.,CNEL. AV.",UNION,,,
6007,FALUCHO,,,,
6065,FALUCHO SAN LUIS,,,,
6008,FAMAILLA,,,,
6009,FAMATINA,,,,
6010,FARADAY,,,,
99471,"FAVALORO, RENE DR.",USPALLATA,,,
6011,FECUNDIDAD,,,,
50039,"FELS, PABLO T.,CABO",,,,
6012,FERNANDEZ,,,,
6013,FERNANDEZ BLANCO,,,,
6014,FERNANDEZ DE ENCISO,WASHINGTON,,,
3195,"FERNANDEZ DE LA CRUZ, F., GRAL. AV.",CRUZ,,,
6016,FERNANDEZ ESPIRO DIEGO,,,,
6063,"FERNANDEZ MORENO, BALDOMERO",MONTE,,,
6017,"FERNANDEZ, MACEDONIO",,,,
6020,FERRARI,LAVALLEJA,,,
6021,"FERRARI, ANTONINO M.",,,,
6022,FERRE,,,,
6023,"FERREYRA, ANDRES",RIO NEGRO,,,
6024,FERROCARRIL,,,,
6025,"FIGUEROA ALCORTA, PRES. AV.","CENTENARIO, Av.",,,
6026,"FIGUEROA, D. APOLINARIO, CORONEL",FIGUEROA - CANNING,,,
6027,FILIBERTO,,,,
13137,"FILIBERTO, JUAN DE DIOS",MOUSSY,,,
6028,FINLANDIA,,,,
6029,"FINLAY, CARLOS J. AV.",,,,
6031,FINOCHIETTO ENRIQUE DR.,PATAGONES,,,
6031,FINOCHIETTO ENRIQUE DR.,,,,
6030,"FINOCHIETTO, RICARDO, Dr.",PROFESOR Dr. ENRIQUE FINOCHIETTO,,,
6060,"FITTE, MARCELO J., DR.",,,,
6032,FITZ ROY,,,,
13157,FLOR DEL AIRE,,,,
6034,"FLORES, VENANCIO, Gral.",FLORES,,,
6035,FLORESTA,,,,
6036,FLORIDA,,,,
6037,FONROUGE,,,,
6039,"FONTANA, LUIS JORGE CORONEL",,,,
6040,FOREST AV.,Dr. ROMULO S. NAON (parcial),,,
6041,FORMOSA,,,,
6042,"FOULLIER, FELIX O.",CHANAR,,,
6043,FOURNIER,TORINO (parcial) - SAN BERNARDINO (parcial),,,
6044,FRAGA,ATLANTICO (parcial) - AGUIRRE (parcial),,,
6064,FRAGATA 25 DE MAYO,,,,
6045,FRAGATA CEFIRO,,,,
6046,FRAGATA HALCON,,,,
6047,FRAGATA HERCULES,,,,
6048,FRAGATA LA ARGENTINA,,,,
6049,FRAGATA Pres. SARMIENTO,PARAMARIBO,,,
6050,FRAGATA TRINIDAD,,,,
6051,FRAGUEIRO,,,,
6052,FRANCO,,,,
6053,FRANKLIN,BOGADO,,,
6054,FRATERNIDAD,,,,
3107,FRAY CAYETANO RODRIGUEZ,,,,
16029,FRAY JUSTO SANTAMARIA DE ORO,,,,
16029,FRAY JUSTO SANTAMARIA DE ORO,ORO,,,
2054,FRAY LUIS BELTRAN,BELTRAN,,,
6057,"FREIRE, RAMON, CAP. GRAL.",FREYRE-CAPITAN RAMON FREYRE,,,
6055,FRENCH,,,,
6056,"FREYRE, MARCELINO E., Cnel. AV.",,,,
6058,"FRIAS, EUSTOQUIO, TTE. GENERAL",FRIAS,,,
7003,"GAINZA, MARTIN DE, GRAL.",CABALLITO,,,
7004,"GAITAN, LUIS",,,,
7005,"GAITO, CONSTANTINO",,,,
7006,GALENO,,,,
7012,GALICIA,VIRGENES,,,
7013,GALILEO,,,,
7015,GALLARDO,,,,
7016,"GALLARDO, ANGEL AV.",LAVALLE (parcial) - CHUBUT - RIO DE JANEIRO (parci,,,
7017,GALLEGOS,,,,
7018,GALLO,,,,
7019,"GALLO, DELFIN",,,,
7014,GALVAN,,,,
7116,"GALVEZ, MANUEL",,,,
7020,GAMARRA,,,,
7021,"GAMBOA, MARCELO",PARIS,,,
7022,GANA,,,,
7023,GANDARA,,,,
7024,"GANDHI, MAHATMA",GILES,,,
7025,GAONA AV.,GAUNA,,,
7026,"GARAY, JUAN DE AV.",GARAY - BRASIL,,,
3181,GARCIA DE COSSIO,COSSIO,,,
7028,GARCIA DEL RIO,,,,
7028,GARCIA DEL RIO AV.,,,,
27019,"GARCIA GRANDE DE ZEQUEIRA, SEVERO",ZEQUEIRA,,,
3199,"GARCIA LORCA, FEDERICO",CUCHA CUCHA,,,
7027,"GARCIA, CEFERINO, AGENTE",JOSE L. MURATURE,,,
7029,"GARCIA, JUAN AGUSTIN",MEDANOS,,,
7030,"GARCIA, MANUEL",,,,
7031,"GARCIA, MANUEL J., ALTE.",,,,
7032,"GARCIA, MARTIN AV.",,,,
7130,"GARCIA, PEDRO A.,CNEL.",EX CALLE 1 BARRIO,,,
7033,"GARCIA, TEODORO",ESTECO,,,
7034,"GARDEL, CARLOS",GUARDIA VIEJA,,,
7035,GARIBALDI,,,,
7036,GARMENDIA AV.,BELLA VISTA,,,
7037,GARRO,,,,
7038,GARZON EUGENIO GENERAL,ARRECIFES,,,
7038,"GARZON, EUGENIO, GRAL. AV.",ARRECIFES,,,
7039,GASCON,,,,
0,GAUNA (NO OFICIAL) (VILLA 31),,,,
7040,GAVILAN,,,,
12024,GAZETA de BUENOS AYRES,,,,
7041,GELLY,OBLIGADO,,,
7042,"GELLY Y OBES, GRAL. AV.",,,,
7043,GENA,,,,
7132,GENDARMERIA NACIONAL AV.,,,,
7044,GENOVA,,,,
7045,"GERCHUNOFF, ALBERTO",,,,
0,"GIACCHINO, PEDRO E., Capitán de Fragata",,,,
17051,"GIANANTONIO, CARLOS A. DR.","PELUFFO, ANGEL",,,
7046,GIBRALTAR,,,,
7047,GIBSON,,,,
13008,"GILARDI, GILARDO",,,,
7048,"GIMENEZ, ANGEL M.",RIGLOS,,,
7049,GINEBRA,,,,
7050,"GIORELLO, PABLO",,,,
7134,"GIRALT, HERNAN M., INT., A AV.",,,,
7051,GIRARDOT,,,,
7052,GIRIBONE,RIBERA (parcial) - DEL FUNDADOR (parcial),,,
7053,"GIUFFRA, JOSE M.,DR.","GOLFARINI, JUAN A",,,
7054,GODOY CRUZ,,,,
7055,"GODOY, RUPERTO",,,,
7133,"GOLA, JOSE",,,,
7129,GOLETA FORTUNA,,,,
7128,GOLETA INVENCIBLE,,,,
7117,GOLETA JULIA,,,,
7125,GOLETA JULIET,,,,
7118,GOLETA MALDONADO,,,,
7119,GOLETA MANUELITA,,,,
7120,GOLETA SANTA CRUZ,,,,
7121,GOLETA SARANDI,,,,
7056,"GOLFARINI, JUAN ANGEL, Dr.",11 DE septiembre,,,
6038,GOMEZ DE FONSECA,FONSECA,,,
7059,"GOMEZ SOMAVILLA, JOAQUIN",,,,
7057,"GOMEZ, INDALECIO",,,,
7058,"GOMEZ, JUAN CARLOS",ANTOFAGASTA,,,
0,"GOMEZ, OVIDIO",,,,
0,"GÓMEZ, OVIDIO",,,,
7060,"GOMEZ, VALENTIN",,,,
7061,GONCALVES DIAS,"SANTA ADELAIDA-HUERG, LUIS A., ING.",,,
7064,"GONZALES CHAVES, ADOLFO",,,,
7063,GONZALEZ CATAN,,,,
7062,"GONZALEZ, AGUSTIN, ING.",,,,
7065,"GONZALEZ, ELPIDIO",INDIO,,,
7066,"GONZALEZ, JOAQUIN V.","ESPERANZA-CASTELLANOS, JOAQUIN",,,
7067,"GONZALEZ, JULIO VICTOR",,,,
7068,"GONZALEZ, ROQUE",,,,
7069,"GORDILLO, JOSE O., CNEL.",,,,
7070,"GORDILLO, TIMOTEO",JACHAL,,,
7071,GOROSTIAGA,"CENTRAL, Av.",,,
7072,GORRITI,,,,
30062,GORRITI JUANA MANUELA,,,,
7073,GOYA,,,,
7074,"GOYENA, PEDRO AV.",RIO CUARTO,,,
17155,"GOYENECHE, ROBERTO PARQUE AV.","PARQUE, Av. - GOYENECHE, ROBERTO AV.",,,
7126,"GRAMAJO GUTIERREZ, ALFREDO",,,,
7075,"GRANADA, NICOLAS",,,,
7076,"GRANADA, NICOLAS, CORONEL",,,,
7077,GRANADEROS,,,,
7078,"GRANDOLI, MARTIN",,,,
7079,"GRANVILLE, GUILLERMO ENRIQUE",,,,
7080,GRECIA,,,,
7135,"GRIERSON, CECILIA",,,,
7081,GRITO DE ASENCIO,AMBATO,,,
7082,GRIVEO,,,,
7084,"GROUSSAC, PAUL",,,,
7085,GUAL,,,,
7086,GUALEGUAY,,,,
7087,GUALEGUAYCHU,,,,
7088,GUAMINI,,,,
7089,GUANAHANI,,,,
7090,GUARANI,,,,
7091,GUARDIA NACIONAL,A B C - VIDELA CASTILLO RAMOS,,,
7092,GUARDIA VIEJA,,,,
7093,GUATEMALA,,,,
7094,GUAYAQUIL,,,,
7095,GUAYMALLEN,,,,
7096,GUAYQUIRARO,,,,
7097,GUAYRA,,,,
7098,GUEMES,,,,
7115,"GUEMES, MACACHA","CANGALLO-PERON, J",,,
50025,"GUERRERO, SIMON",SIN NOMBRE OFICIAL (ALT. E.PERON AL 6550),,,
7131,"GUERRICO, MARTIN, CTTE.",EX CALLE 10 BARRI,,,
7101,GUEVARA,VELAZCO (parcial) - PACIFICO (parcial),,,
7136,"GUEVARA, TRINIDAD",,,,
7102,GUIDO,,,,
7103,"GUIDO y SPANO, CARLOS",,,,
7104,GUIPUZCOA,,,,
7105,"GUIRALDES, INT.",,,,
7106,"GUIRALDES, RICARDO",,,,
7107,GUISE,,,,
7108,GURRUCHAGA,VALLE (parcial) - SEGUROLA (parcial),,,
7127,"GUSTAVINO, ENRIQUE",,,,
7109,GUTENBERG,LA VIA DEL TRANVIA REAL,,,
7110,"GUTIERREZ, EDUARDO",,,,
7111,"GUTIERREZ, JUAN MARIA",GUTIERREZ,,,
7112,"GUTIERREZ, RICARDO","GUIRALDES, INT.",,,
7113,"GUTTERO, ALFREDO",,,,
7114,GUZMAN,CAMARGO,,,
7114,GUZMAN AV.,CAMARGO,,,
8001,HABANA,,,,
8041,"HAEDO, EDUARDO V., PRES.",,,,
8002,HAITI,,,,
8003,"HALL, BASILIO",,,,
8004,HAMBURGO,,,,
8005,HAWAI,,,,
8007,HELGUERA,CONSTANTINOPLA (parcial) - SAN VICTOR (parcial),,,
8007,HELGUERA,,,,
8008,HEREDIA,,,,
8008,HEREDIA,HEREDIA (parcial),,,
8009,"HERMITTE, ENRIQUE, Ing.",,,,
8010,HERNANDARIAS,,,,
8011,"HERNANDEZ, JOSE",VIRREYES,,,
8012,"HERNANDEZ, RAFAEL",,,,
8013,HERRERA,,,,
14004,"HERRERA, LUIS A., de",NANKIN,,,
14004,"HERRERA, LUIS A., de",,,,
8014,"HICKEN, CRISTOBAL M.","ROUX, EMILIO",,,
8015,HIDALGO,,,,
8016,"HIDALGO, BARTOLOME",,,,
8017,HINOJO,,,,
0,HIPOLITO YRIGOYEN (NO OFICIAL) (VILLA 31),,,,
8040,HIROSHIMA,,,,
8018,HOLMBERG,,,,
8019,HOMERO,MAZZINI (parcial),,,
8020,HONDURAS,,,,
8020,HONDURAS AV.,,,,
8021,"HORNOS, Gral.",,,,
8022,HORTIGUERA,,,,
8023,HUALFIN,,,,
8024,HUAURA,,,,
8025,HUBAC,,,,
8026,HUDSON,,,,
8027,"HUDSON, GUILLERMO",,,,
8029,HUERGO,,,,
8030,"HUERGO, ING. AV.","MADERO, EDUARDO, Av. - ESPORA, Av.",,,
8032,"HUGO, VICTOR",,,,
8033,HUMAHUACA,,,,
8034,HUMAITA,,,,
8035,HUMBERTO 1°,DE COMERCIO,,,
8036,HUMBOLDT,,,,
8037,HUNGRIA,,,,
8038,HUSARES,,,,
9001,IBAÑEZ,,,,
1004,"IBARBOUROU, JUANA de","PARQUE DEL OESTE (parcial) - AMAMBAY - ACEVEDO, ED",,,
9002,IBARROLA,,,,
9003,"IBARROLA, RODRIGO de",,,,
9004,IBERA,,,,
9005,ICALMA,OLIVER,,,
9006,IGUALDAD,,,,
9007,IGUAZU,,,,
9008,INCA,,,,
9009,INCLAN,,,,
9010,INDEPENDENCIA AV.,,,,
9011,INDIO,,,,
9012,"INGENIEROS, JOSE",,,,
9015,IRALA,,,,
9016,IRAOLA AV.,,,,
9017,"IRIARTE, GRAL.",,,,
9017,"IRIARTE, GRAL. AV.",,,,
9017,"IRIARTE, GRAL. AV.","MORENO, PERITO",,,
9018,IRIGOYEN,,,,
9019,"IRIGOYEN, BERNARDO de",DEL BUEN ORDEN,,,
9020,"IRIGOYEN, SANTOS",,,,
9021,IRLANDA,,,,
9023,ISABEL LA CATOLICA,,,,
9022,"ISABEL, INFANTA AV.","DE LOS LAGOS, Av.",,,
9024,ISLANDIA,,,,
0,ISLAS MALVINAS (NO OFICIAL),PASILLO SIN NOMBRE OFICIAL (ALT. OSVALDO CRUZ 3671),,,
9026,ITALIA,,,,
9027,ITAQUI,SAN PEDRO (PARCIAL),,,
9028,ITURRI,MUÑECAS,,,
9029,ITUZAINGO,,,,
10001,JACARANDA,,,,
10003,JACHAL,,,,
10002,"JACQUES, AMADEO",,,,
22006,"JANER, ANA MARIA",UNANUE,,,
22006,"JANER, ANA MARIA",CONTINUACION PLUMERILLO (NO OFICIAL),,,
22006,"JANER, ANA MARIA",,,,
22006,"JANER, ANA MARIA (NO OFICIAL)",UNANUE,,,
10004,"JANTIN, JUAN BAUTISTA",,,,
10005,JARAMILLO,,,,
10006,"JAURES, JEAN","QUIRNO COSTA, NORBERTO-BERMEJO",,,
13069,"JAURETCHE, ARTURO",MENDEZ DE ANDES,,,
10007,"JENNER, EDUARDO, Dr.",,,,
10020,"JEREZ, PEDRO de",ALFONSINA STORNI,,,
10008,JORGE,,,,
4109,"JOVELLANOS, GASPAR M. de",ESPAÑA,,,
0,JUAN PABLO II,,,,
0,JUAN XXIII,,,,
1101,JUANA DE ARCO,"CASTELAR, EMILIO",,,
10011,"JUAREZ, BENITO",SAN PETESBURGO,,,
10012,JUFRE,IPELA(PARCIAL)-JUFRE,,,
10013,JUJUY AV.,,,,
10014,JUNCAL,,,,
10015,JUNIN,,,,
10017,JURAMENTO,,,,
10017,JURAMENTO AV.,,,,
10018,"JUSTO, JUAN B. AV.","17 DE OCTUBRE - JUSTO, JUAN B., Av. y parciales:",,,
50036,"KAVANAGH, CORINA",,,,
4010,"KENNEDY, JOHN FITZGERALD",DARREGUEYRA,,,
11002,KING,2a. RAWSON,,,
11003,"KORN, ALEJANDRO, Dr.",RIGA (parcial),,,
11004,"KRAUSE, JULIO, Ing.",,,,
0,LA AMISTAD (NO OFICIAL),,,,
0,LA ARBOLEDA,,,,
12002,LA BLANQUEADA,,,,
12003,LA CACHILA,,,,
12004,LA CALANDRIA,,,,
12005,LA CAPITAL,,,,
12007,LA CAUTIVA,,,,
12008,LA COMUNA,,,,
0,LA COMUNIDAD ORGANIZADA,SENDERO SIN NOMBRE OFICIAL - PUENTE SOBRE AV. DELLEPIANE ALT. 4780,,,
12009,LA CONQUISTA,,,,
12010,LA CONSTANCIA,,,,
12011,LA CORDILLERA,,,,
12013,LA DILIGENCIA,,,,
12015,LA ESPIGA,,,,
12016,LA FACULTAD,,,,
12021,LA FONTAINE,,,,
12022,LA FRONDA,,,,
12025,LA GALERA,,,,
12027,LA GLORIA,,,,
12032,LA HAYA,,,,
12033,LA HUELLA,,,,
12034,LA HUERTA,,,,
0,LA KANTUTA,,,,
0,LA LOMA (NO OFICIAL),,,,
12035,LA MADRESELVA,,,,
12037,LA MAR,,,,
12039,LA MAREA,,,,
12042,LA MESOPOTAMIA,,,,
12044,LA NAVE,,,,
12047,LA NIÑA,,,,
12168,LA PAMPA,"TORNQUINST, E. - PAMPA",,,
12052,LA PINTA,,,,
12054,LA PLATA AV.,,,,
12055,LA PORTEÑA,,,,
12057,LA QUENA,,,,
12051,LA RABIDA (N) AV.,,,,
12043,LA RABIDA (S) AV.,,,,
12169,LA RIOJA,RIOJA,,,
12069,LA SANTA MARIA,,,,
12074,LA SELVA,,,,
12083,LA TRILLA,,,,
12006,LACARRA,,,,
12006,LACARRA AV.,,,,
12012,"LACROZE, FEDERICO",COLEGIALES,,,
12012,"LACROZE, FEDERICO AV.",COLEGIALES,,,
12012,"LACROZE, FEDERICO AV.",,,,
12014,LADINES,,,,
12017,LAFAYETTE,,,,
12018,"LAFERRERE, GREGORIO de",LOBOS,,,
12018,"LAFERRERE, GREGORIO de",,,,
12019,LAFINUR,,,,
12020,"LAFOND, GABRIEL",,,,
12171,"LAFONE, QUEVEDO SAMUEL",PAREJA ALFEREZ DE NAVIO FRANCISCO,,,
12023,LAFUENTE,PORVENIR,,,
12023,LAFUENTE AV.,PORVENIR,,,
12028,LAGOS,,,,
12029,"LAGOS GARCIA, LUIS",,,,
12030,LAGRANGE,,,,
12031,LAGUNA,,,,
12038,"LAMARCA, EMILIO",ORAN,,,
12040,"LAMAS, ANDRES",,,,
12041,LAMBARE,,,,
12045,LANCHEROS DEL PLATA,,,,
0,"LANGER, MARIE",,,,
12046,LANIN,SILVA,,,
12573,LANTERI JULIETA,,,,
12048,LANUS,SEGUNDA MERLO,,,
12049,LANZA,,,,
12050,LAPACHO,,,,
12053,LAPLACE,,,,
12056,LAPRIDA,,,,
12111,"LAREDO, PEDRO",,,,
19028,"LARRALDE, CRISOLOGO",REPUBLIQUETAS,,,
19028,"LARRALDE, CRISOLOGO AV.",REPUBLIQUETAS,,,
12062,"LARRAÑAGA, DAMASO",NUEVA,,,
12063,LARRAYA,,,,
12064,LARRAZABAL,,,,
12064,LARRAZABAL AV.,,,,
12065,LARREA,,,,
19100,"LARROQUE DE ROFFO, ELENA",,,,
12067,LARSEN,,,,
12068,LAS ACACIAS,,,,
12070,LAS BASES,,,,
50020,LAS CARACOLAS,SIN NOMBRE OFICIAL (ALT. AV.COREA AL 1900),,,
50020,LAS CARACOLAS,SIN NOMBRE OFICIAL (Bo. RIVADAVIA PASAJE 22),,,
12072,LAS CASAS,,,,
12073,LAS COLONIAS,,,,
12075,LAS FLORES,,,,
12076,LAS HERAS GENERAL AV.,,,,
12076,"LAS HERAS, GENERAL",,,,
12077,LAS INDIAS,,,,
12078,LAS PALMAS,,,,
12079,LAS PROVINCIAS,,,,
12082,LAS TUNAS,,,,
12071,LASCANO,,,,
12071,LASCANO,REPUBLICA DE CROACIA,,,
12080,"LASSERRE, AUGUSTO, Alte.",,,,
12081,LASTRA AV.,ESPEJO,,,
12084,LAURELES ARGENTINOS,,,,
12085,LAUSANA,,,,
12086,LAUTARO,,,,
12172,LAVADERO,,,,
12088,"LAVAISSE, BENJAMIN J.",,,,
12089,LAVALLE,"LAVALLE, Gral. - RIO DE JANEIRO (parcial)",,,
12090,LAVALLEJA,,,,
12001,LAVARDEN,,,,
3170,"LAVAYSSE, BENJAMIN J. (ex CORREA, BENITO) (NO OFICIAL)","CORREA, BENITO",,,
12091,LAVOISIER,SARRATEA,,,
12092,"LE BRETON, TOMAS A.",MAR CHIQUITA,,,
17109,"LEBENSOHN, MOISES",PONSONBY,,,
12093,"LEGUIZAMON, HONORIO, DR.",,,,
12094,"LEGUIZAMON, MARTINIANO",TAFI,,,
12095,"LEGUIZAMON, ONESIMO",,,,
12096,LEIPZIG,2a. BAIGORRIA,,,
12097,LEIVA,,,,
12098,"LEMOS, JUAN GREGORIO, Gral.",LEMOS - VERA,,,
12099,"LEON, BERNARDO DE",,,,
12100,LEONES,,,,
12102,LEOPARDI,,,,
12103,LERMA,,,,
50049,LETONIA,REPUBLICA FEDERATIVA DEL BRASIL,,,
12104,"LEVALLE, NICOLAS, Tte.Gral.",,,,
12166,"LEVENE, RICARDO, Dr.","DE LA REPUBLICA, Av. - QUINTANA, M., Pres.",,,
12170,"LEVILLIER, ROBERTO, Dr.",,,,
12105,LEZICA,PAUNERO,,,
12106,LIBERTAD,,,,
23040,"LIBERTI, ANTONIO VESPUCIO (NO OFICIAL)",,,,
12108,"LIBERTI, TOMAS",SALADO,,,
12109,LIBRES,FACIO,,,
12110,LIBRES DEL SUR AV.,,,,
12165,LILLO AV.,,,,
12112,LIMA,,,,
12113,LINCOLN AV.,,,,
12114,LINIERS VIRREY,LINIERS,,,
12115,LINNEO,,,,
12116,LISBOA,,,,
12117,"LISTA, RAMON, CORONEL","LAMAS, CNEL.-LISTA(PARCIAL)",,,
12118,LITUANIA,,,,
12119,LIVERPOOL,,,,
12161,LLAVALLOL,,,,
12162,LLERENA,,,,
12163,LLORENTE,CARBAJAL,,,
12120,LOBERIA,DEMOCRACIA(PARCIA,,,
12121,LOBOS,,,,
12122,"LOBOS, ELEODORO, Dr.","GUAYQUIRARO - MACHADO, Cnel.",,,
12123,LOGROÑO,,,,
0,LOLA MORA,,,,
12124,LOMAS DE ZAMORA,,,,
12125,LONDRES,,,,
12126,LOPE DE VEGA,,,,
12126,LOPE DE VEGA AV.,,,,
1068,"LOPEZ ANAUT, PEDRO, DR.",AMBATO,,,
12127,"LOPEZ BUCHARDO, CARLOS",,,,
12131,"LOPEZ MERINO, FRANCISCO",TRABAJADORES-PUNTA ALTA,,,
12128,"LOPEZ, CANDIDO",,,,
12129,"LOPEZ, CARLOS ANTONIO",TIMBO,,,
0,"LOPEZ, JORGE EDUARDO, CABO 2º",,,,
12130,"LOPEZ, JUAN PABLO",,,,
12132,"LOPEZ, VICENTE",,,,
12133,"LOPEZ, VICENTE FIDEL",,,,
12134,"LORA, FELIX",,,,
99476,"LOREA, ISIDRO AV.",,,,
12574,"LORENZINI, CAROLA",,,,
12136,"LORETO, Virrey",LORETO,,,
0,LOS ÁLAMOS,,,,
12139,LOS ANDES,,,,
0,LOS CEDROS,,,,
0,LOS EUCALIPTOS,,,,
0,LOS OLMOS,,,,
12140,LOS PATOS,,,,
12141,LOS PIRINEOS,,,,
12142,LOS RECUERDOS,,,,
0,LOS ROBLES,,,,
12143,LOS TELARES,,,,
12144,LOS TERRITORIOS,HOLANDA,,,
0,LOS TILOS,,,,
12145,LOYOLA,,,,
12146,"LOZANO, PEDRO",,,,
12147,"LUCA, ESTEBAN de",LUCA,,,
12148,LUCERO,LANGE,,,
12149,LUCHTER (SUR),,,,
12150,LUGO,,,,
12151,LUGONES,,,,
12152,"LUGONES, LEOPOLDO AV.",,,,
13153,"LUISONI, ARTURO, Mayor",CALLE 2,,,
12153,LUJAN,"PUENTECITO - LUJAN, PEDRO DE",,,
12154,LUNA,,,,
12155,"LUPPI, ABRAHAM J.",ESTE,,,
12156,LUXEMBURGO,,,,
12157,LUZURIAGA,,,,
12158,LYNCH,,,,
12159,"LYNCH ARRIBALZAGA, FELIX",,,,
12167,LYNCH MARTA,,,,
13002,"MACHADO, ANTONIO",CUYO,,,
13003,MACHAIN,,,,
13001,"MACIEL, FRANCISCO A.",QUADRI,,,
13004,MADARIAGA,,,,
13005,"MADERA, JUAN, Dr.",,,,
13006,"MADERNA, FRANCISCO",,,,
13007,MADERO,,,,
13008,"MADERO, EDUARDO AV.",ROSALES,,,
13009,MADRID,,,,
13160,"MAGALDI, AGUSTIN",,,,
13010,MAGALLANES,,,,
13011,"MAGARIÑOS CERVANTES, A.",SAN MATIAS,,,
13012,MAGDALENA,,,,
13013,"MAGNAUD, Juez",,,,
13014,MAIPU,,,,
13014,MAIPU AV.,,,,
13015,MAITEN,,,,
13170,"MAIZANI, AZUCENA",,,,
13016,MALABIA,,,,
13017,MALAGA,,,,
1121,MALASIA,ARRIBEÑOS,,,
13018,MALDONADO,,,,
13019,"MALHARRO, MARTIN A.",,,,
0,MALVINAS (NO OFICIAL) (VILLA 31),,,,
13020,MALVINAS ARGENTINAS,MALVINAS,,,
0,MALVINAS ARGENTINAS - SOMELLERA (NO OFICIAL),SIN NOMBRE OFICIAL (ALT. AV EST. BONORINO 1800) - SOMELLERA (NO OFICIAL),,,
13021,MANAGUA,,,,
13022,MANCO CAPAC,,,,
13023,MANDISOBI,,,,
13025,"MANSILLA, LUCIO NORBERTO, GENERAL",MANSILLA,,,
30061,MANSO JUANA,PERITO MORENO CALLE PORTUARIA,,,
13026,MANZANARES,,,,
12049,"MANZI, HOMERO",LANZA,,,
13027,MANZONI,,,,
13029,MAR DEL PLATA,,,,
13030,MAR DULCE,,,,
13028,MARACAIBO,,,,
16025,"MARCHI, MARIA CATALINA",11 DE septiembre,,,
13031,MARCOARTU PASAJE (PJE. PARTICULAR),,,,
3040,"MARECHAL, LEOPOLDO",CAMPICHUELO,,,
13032,"MARMOL, JOSE",MARMOL,,,
13033,MARSELLA,,,,
13034,"MARTI, JOSE",SAN RAMON,,,
13035,MARTIN FIERRO,,,,
13036,MARTIN PESCADOR,,,,
13037,MARTINEZ CASTRO,,,,
13039,MARTINEZ DE HOZ,,,,
13043,MARTINEZ ROSAS,,,,
13154,"MARTINEZ ZUVIRIA, GUSTAVO,",,,,
13038,"MARTINEZ, ENRIQUE, GRAL.",MARTINEZ,,,
13040,"MARTINEZ, JUAN ESTEBAN",,,,
13041,"MARTINEZ, MATEO J.",,,,
13042,"MARTINEZ, PLACIDO",,,,
13044,"MARTINEZ, VICTOR",TRES ANGELITOS (PARCIAL),,,
20031,MARTIRES PALOTINOS,SANCTI SPIRITUS,,,
7081,"MASANTONIO, HERMINIO",GRITO DE ASCENCIO,,,
13045,MASON,PREVISORA - MASSON,,,
13046,MATACO,,,,
13047,MATANZA,,,,
13048,MATHEU,,,,
13049,"MATIENZO, BENJAMIN, TENIENTE",CHACARITA,,,
13050,MATORRAS,,,,
13051,"MATORRAS de SAN MARTIN, GREGORIA",,,,
13149,"MATTEOTI, GIACOMO",,,,
13052,"MATURANA, JOSE DE",,,,
13053,MATURIN,DANTE ALIGHIERI,,,
13054,MAURE,,,,
13055,MAZA,,,,
13056,MBURUCUYA,,,,
13057,"MEANA, BENITO, Cnel.",,,,
13058,MEDANOS,"GARCIA, JUAN A.-CONI, GABRIELA, L. DE",,,
13059,MEDEYROS,MEDEIROS,,,
13060,MEDINA,,,,
13061,MEDRANO,,,,
13061,MEDRANO AV.,,,,
13062,MELGAR,,,,
13063,MELIAN AV.,,,,
13064,MELINCUE,,,,
13065,"MELO, CARLOS F.",ZARATE,,,
13066,"MELO, Virrey",PACHECO DE MELO,,,
13067,MEMBRILLAR,,,,
13156,MENDEZ,OESTE,,,
13069,MENDEZ DE ANDES,,,,
13068,"MENDEZ, AGUSTIN",,,,
13070,"MENDEZ, NICANOR",,,,
13071,MENDOZA,,,,
13071,MENDOZA AV.,,,,
13073,MENENDEZ Y PELAYO,,,,
20013,"MERCADER, EMIR",SALINA GRANDE,,,
13074,MERCEDES,,,,
13075,METAN,,,,
13076,MEXICO,,,,
13078,MIGUEL ANGEL,,,,
13079,MIGUELETES,,,,
13080,MILAN,,,,
13083,MILLER,,,,
13081,MILTON,,,,
13084,MIÑONES,,,,
13085,MIRAFLORES,,,,
13086,MIRALLA,,,,
13087,MIRAMAR,,,,
13088,MIRANDA,,,,
13089,MIRAVE,ACONQUIJA,,,
13090,MIRIÑAY,,,,
13091,MIRO,,,,
13092,MISIONES,,,,
13093,"MISTRAL, GABRIELA",TEQUENDAMA,,,
13094,"MITRE, BARTOLOME",PIEDAD,,,
13095,"MITRE, EMILIO",POLVORIN,,,
13096,MOCORETA,,,,
13097,MOCTEZUMA,,,,
13098,"MOHR, ALEJANDRO",,,,
13099,MOLDES,,,,
13100,MOLIERE,,,,
13101,MOLINA,,,,
13102,"MOLINA ARROTEA, CARLOS",,,,
13103,MOM,CACHIMAYO,,,
13103,MOM,,,,
13162,"MOM, POLICARPO",,,,
13104,MOMPOX,,,,
13105,MONACO,,,,
13106,MONASTERIO,,,,
13107,"MONNER SANS, RICARDO",,,,
4111,MONROE,,,,
4111,MONROE AV.,,,,
13109,"MONTALVO, FERNANDO de",,,,
13110,MONTAÑESES,,,,
13111,MONTE,,,,
13113,MONTE DINERO,,,,
13112,MONTEAGUDO,,,,
13114,MONTENEGRO,,,,
13115,"MONTES DE OCA, MANUEL AV.",,,,
13117,"MONTES, VICTORIANO E.",,,,
13116,MONTESQUIEU,,,,
13116,MONTESQUIEU,SANCHEZ,,,
13118,MONTEVIDEO,,,,
13119,MONTIEL,,,,
13120,MONTREAL,,,,
13121,"MONTT, PEDRO, PRES. AV.",,,,
13122,"MORA FERNANDEZ, JUAN",,,,
13123,"MORAN, PEDRO",BOGOTA-MORAN,,,
30060,"MOREAU DE JUSTO, ALICIA AV.",,,,
13124,"MOREL, CARLOS",,,,
13125,MORELOS,,,,
13126,MORENO,,,,
13127,"MORENO, ENRIQUE B.",,,,
13128,"MORENO, JOSE MARIA AV.",,,,
4108,"MORENO, PERITO AV.","DEL JUSTICIALISMO, Av.",,,
13130,MORETO,,,,
13131,MORLOTE,,,,
13132,MORON,,,,
13133,"MORRIS, WILLIAM C.",,,,
13134,MORSE,,,,
0,"MORTZ, ALBERTO",,,,
13135,MOSCONI GENERAL AV.,"AMERICA, Av.",,,
13136,MOSCU,,,,
0,MOVIMIENTO DE VILLAS,,,,
13138,MOZART,,,,
13161,"MUIÑO, ENRIQUE",,,,
0,MUJERES LUCHADORAS,CONTINUACION PLUMERILLO (NO OFICIAL),,,
0,MUJERES LUCHADORAS,,,,
13139,"MUJICA, JOSE PIO",JAPON (PARCIAL),,,
13140,MUNICH,,,,
13141,MUÑECAS,,,,
13142,MUÑIZ,,,,
13143,MURATURE,,,,
13144,MURCIA,,,,
13145,MURGUIONDO,,,,
13146,MURILLO,,,,
13147,MUTUALISMO,,,,
13148,"MUZILLI, CAROLINA",,,,
14001,NACIONES UNIDAS,,,,
14035,NAHUEL HUAPI,,,,
14035,NAHUEL HUAPI,NAHUEL HUAPI,,,
14003,NAMUNCURA,,,,
14005,"NAON, JUAN JOSE",,,,
6040,"NAON, ROMULO","FOREST, AV.",,,
14007,NAPOLES,,,,
14008,NATAL,,,,
14009,NAVARRO,RIO DE JANEIRO,,,
14010,"NAVARRO VIOLA, MIGUEL",,,,
14011,NAZARRE,,,,
14012,NAZCA,,,,
14012,NAZCA AV.,,,,
14013,NECOCHEA,,,,
14014,NEPPER,,,,
14017,NEUQUEN,,,,
14018,NEVADA,,,,
14019,"NEWBERY, JORGE",USHUAIA - CHACARITA CHACARITA,,,
14019,"NEWBERY, JORGE AV.",USHUAIA - CHACARITA CHACARITA,,,
14020,NEWTON,,,,
14021,NICARAGUA,,,,
12060,"NINO, CARLOS SANTIAGO","LARGUIA, CARLOS, CADETE",,,
14022,NIZA,,,,
7001,"NOBLE, JULIO ARGENTINO","GUERRICO, Int.",,,
19085,"NOEL, CARLOS INT.","ROSALES, CLAUDIO, CAPITAN",,,
14025,NOGOYA,RAWSON,,,
17152,NORTE PJE. PARTICULAR (ALTURA SILVIO RUGGERI 2750),,,,
14026,NORUEGA,,,,
0,NUESTRA SEÑORA DE CAACUPE,,,,
14027,NUEVA YORK,,,,
14028,NUEVA ZELANDIA,,,,
14030,NUMANCIA,,,,
14031,NUÑEZ,,,,
14032,"NUÑEZ, ROBERTO, OBRERO",VALENTIN GOMEZ-NUNEZ ROBERTO,,,
15001,ÑANDUTI,,,,
16004,O'BRIEN,,,,
16047,"O'CONNOR, ELSA",,,,
16008,O'GORMAN,,,,
0,O'GORMAN CAMILA,,,,
16009,O'HIGGINS,,,,
16001,OBARRIO MANUEL,,,,
20022,OBISPO SAN ALBERTO,SAN ALBERTO,,,
16003,"OBLIGADO RAFAEL, Av.Costanera","COSTANERA NORTE, Av.",,,
16003,"OBLIGADO RAFAEL, Av.Costanera",,,,
16049,"OCAMPO, VICTORIA",,,,
16006,OCEANIA,,,,
30039,OCEANIA (NO OFICIAL),SIN NOMBRE OFICIAL (ALT. AV EST. BONORINO 1900),,,
0,OCEANIA (NO OFICIAL),,,,
16007,"OCHOA, ENRIQUE",TEUCO,,,
16010,OHM,,,,
16011,"OLAGUER Y FELIU, VIRREY",OLAGUER,,,
16046,"OLASCOAGA, MANUEL JOSE, Cnel.",Ex Calle 3 Barrio Savio,,,
16012,OLAVARRIA,,,,
16013,"OLAVARRIETA, DIEGO de",,,,
16014,OLAYA,,,,
16015,OLAZABAL,,,,
16015,OLAZABAL AV.,,,,
16016,OLIDEN,,,,
16017,OLIVERA AV.,,,,
16018,OLIVIERI,MORETO,,,
16019,OLIVOS,,,,
16022,OLLEROS,OMBUES,,,
16022,OLLEROS AV.,OMBUES,,,
16021,"OLMOS, AMBROSIO",ANDALUCIA,,,
16020,"OLMOS, JUAN FRANCISCO",OLMOS - TURNER,,,
16023,OMBU,,,,
16024,ONCATIVO,,,,
16026,OPORTO,,,,
16027,"ORIGONE, MANUEL FELIX, TTE",,,,
16028,ORMA,,,,
16030,"OROÑO, NICASIO",CAYENA,,,
16031,ORTEGA,,,,
16048,ORTEGA Y GASSET,"ESTADOS-ARENAL, CONCEPCION",,,
16005,ORTIZ DE OCAMPO,OCAMPO,,,
16005,ORTIZ DE OCAMPO AV.,OCAMPO,,,
16033,"ORTIZ DE ZARATE, RODRIGO",SAMUEL GACHE,,,
16032,"ORTIZ, CARLOS",MEMBRILLAR (parcial),,,
16034,"ORTIZ, FRANCISCO J.",,,,
16045,"ORTIZ, ROBERTO M., Pres.",JUNIN (parcial),,,
16035,ORURO,,,,
16036,OSAKA,,,,
16037,OSLO,,,,
16038,OSORIO,,,,
16039,OSTENDE,,,,
16040,OTAMENDI,5 DE febrero,,,
16042,OTERO,MURILLO,,,
16041,OTTAWA,,,,
16043,OWEN,,,,
16044,"OZANAM FEDERICO, BEATO",SIN NOMBRE OFICIAL (ALT. MIRALLA 3800),,,
16044,"OZANAM FEDERICO, BEATO",,,,
17001,PACHECO,,,,
17002,"PACHECO DE MELO, JOSE ANDRES",VIRREY MELO-MELO,,,
1175,PACINI DE ALVEAR REGINA,,,,
17003,PADILLA,,,,
17004,"PADILLA, MANUEL",,,,
3047,PADRE CANAVERY,,,,
50034,PADRE CARLOS MUGICA,,,,
0,PADRE DANIEL DE LA SIERRA PASEO,,,,
17145,PADRE ENRIQUE CONTARDI,"CAMINO A PUENTE ALSINA - VEGA, VENTURA de la",,,
6005,PADRE FAHY,,,,
7083,PADRE FEDERICO GROTE,DEL CRUCERO - VIEDMA,,,
17146,PADRE M. L. MIGONE,,,,
12026,"PADRE MASSA, LORENZO BARTOLOME",LA GARZA,,,
13152,PADRE MONTES CARBALLO,,,,
14016,PADRE NEUMANN JUAN B.,,,,
0,PADRE VICENTE RIGONI (NO OFICIAL),,,,
17005,PAEZ,,,,
17143,"PAGANO, ANGELINA",,,,
12132,"PAGANO, JOSE LEON","LOPEZ, VICENTE",,,
17006,"PAGOLA, Cnel.",AGUAPEY,,,
17007,PAILEBOT DAVISON,,,,
1073,"PAINE, AIME",,,,
1051,"PALACIOS, ALFREDO L.",ALVARADO,,,
17013,"PALLIERE, JUAN LEON",,,,
17008,"PALMA, ATHOS",,,,
17010,PALMAR,,,,
17150,"PALME, OLOF",PLAZA,,,
17011,PALOS,,,,
17012,PALPA,,,,
17015,PANAMA,,,,
17016,PARACAS,,,,
17017,PARAGUAY,,,,
17018,PARANA,,,,
17019,PAREJA,CHICAGO,,,
17021,PARERA,,,,
17022,PARIS,,,,
17023,PARKER,,,,
17024,PAROISSIEN,,,,
17133,PARRAL,,,,
17144,"PARRAVICINI, FLORENCIO",,,,
0,PASAJE 1 Bo. RIVADAVIA (SIN NOMBRE OFICIAL),,,,
0,PASAJE 10 Bo. RIVADAVIA (SIN NOMBRE OFICIAL),,,,
0,PASAJE 11 Bo. RIVADAVIA (SIN NOMBRE OFICIAL),,,,
0,PASAJE 12 Bo. RIVADAVIA (SIN NOMBRE OFICIAL),,,,
0,PASAJE 13 Bo. RIVADAVIA (SIN NOMBRE OFICIAL),,,,
0,PASAJE 14 Bo. RIVADAVIA (SIN NOMBRE OFICIAL),,,,
0,PASAJE 15 Bo. RIVADAVIA (SIN NOMBRE OFICIAL),,,,
0,PASAJE 16 Bo. RIVADAVIA (SIN NOMBRE OFICIAL),,,,
0,PASAJE 17 Bo. RIVADAVIA (SIN NOMBRE OFICIAL),,,,
0,PASAJE 18 Bo. RIVADAVIA (SIN NOMBRE OFICIAL),,,,
0,PASAJE 19 Bo. RIVADAVIA (SIN NOMBRE OFICIAL),,,,
0,PASAJE 2 Bo. RIVADAVIA (SIN NOMBRE OFICIAL),,,,
9013,PASAJE 2 DE ABRIL,INGLATERRA,,,
0,PASAJE 20 Bo. RIVADAVIA (SIN NOMBRE OFICIAL),,,,
0,PASAJE 21 Bo. RIVADAVIA (SIN NOMBRE OFICIAL),,,,
0,PASAJE 23 Bo. RIVADAVIA (SIN NOMBRE OFICIAL),,,,
0,PASAJE 24 Bo. RIVADAVIA (SIN NOMBRE OFICIAL),,,,
0,PASAJE 25 Bo. RIVADAVIA (SIN NOMBRE OFICIAL),,,,
0,PASAJE 26 Bo. RIVADAVIA (SIN NOMBRE OFICIAL),,,,
0,PASAJE 27 Bo. RIVADAVIA (SIN NOMBRE OFICIAL),,,,
0,PASAJE 27 DE MAYO,SIN NOMBRE OFICIAL (ALT. AV LACARRA 2970),,,
0,PASAJE 27 DE MAYO,,,,
0,PASAJE 28 Bo. RIVADAVIA (SIN NOMBRE OFICIAL),,,,
0,PASAJE 29 Bo. RIVADAVIA (SIN NOMBRE OFICIAL),,,,
0,PASAJE 3 Bo. RIVADAVIA (SIN NOMBRE OFICIAL),,,,
0,PASAJE 4 Bo. RIVADAVIA (SIN NOMBRE OFICIAL),,,,
0,PASAJE 5 Bo. RIVADAVIA (SIN NOMBRE OFICIAL),,,,
0,PASAJE 6 Bo. RIVADAVIA (SIN NOMBRE OFICIAL),,,,
0,PASAJE 7 Bo. RIVADAVIA (SIN NOMBRE OFICIAL),,,,
0,PASAJE 8 Bo. RIVADAVIA (SIN NOMBRE OFICIAL),,,,
0,PASAJE 9 Bo. RIVADAVIA (SIN NOMBRE OFICIAL),,,,
0,PASAJE A,,,,
0,PASAJE B,,,,
0,PASAJE BARRIO FATIMA (NO OFICIAL),,,,
0,PASAJE BARRIO FÁTIMA (NO OFICIAL),,,,
0,PASAJE C,,,,
0,PASAJE D,,,,
0,PASAJE DE LAS ARTES,PASAJE I,,,
0,PASAJE DE LOS SUEÑOS,,,,
0,PASAJE DE LOS TRABAJADORES,,,,
0,PASAJE E,,,,
0,PASAJE ECHEANDIA BARRIO PIRELLI (NO OFICIAL),,,,
0,PASAJE EL ENCUENTRO,,,,
0,PASAJE EL PORVENIR,,,,
0,PASAJE EL PROGRESO,,,,
0,PASAJE ESPERANZA,,,,
0,PASAJE F,,,,
0,PASAJE FLOREAL FERRARA,,,,
0,PASAJE G,,,,
0,PASAJE GAUCHITO GIL,,,,
0,PASAJE H,,,,
0,PASAJE HEBE SAN MARTIN DE DUPRAT,,,,
0,PASAJE I,,,,
0,PASAJE INTERNO PARQUE AVELLANEDA (NO OFICIAL),,,,
0,PASAJE J,,,,
0,PASAJE K,PASAJE J,,,
0,PASAJE L,,,,
0,PASAJE LA ESPERANZA,,,,
0,PASAJE LA JAULITA,,,,
0,PASAJE LATINOAMERICANO,,,,
0,PASAJE MANZANA 5 (NO OFICIAL),,,,
0,PASAJE MANZANA C (NO OFICIAL),,,,
0,PASAJE MANZANA C BIS (NO OFICIAL),,,,
0,PASAJE MERCOSUR,,,,
0,PASAJE PADRE BERNAZA,,,,
0,PASAJE PANAMERICANO,,,,
19075,PASAJE ROJAS (NO OFICIAL),,,,
0,PASAJE SIXTO PALAVECINO,PASAJE MANZANA 3 (NO OFICIAL),,,
0,PASAJE SUBTERRANEO FFCC (NO OFICIAL),,,,
20125,PASAJE SUIZO (NO OFICIAL),,,,
0,PASAJE TERESA DE CALCUTA,,,,
0,PASAJE UNIDAD,,,,
0,PASAJE VIRGEN DE FATIMA (NO OFICIAL),,,,
17027,PASCO,,,,
17028,PASEO COLON AV.,,,,
0,PASEO DE LOS ARTISTAS,,,,
0,PASEO INTERNO AGRONOMIA (NO OFICIAL),,,,
0,PASEO ISLAS MALVINAS,,,,
0,PASEO LA VIA PADRE CARLOS MUGICA (NO OFICIAL),,,,
0,PASILLO 1 MANZANA 53 (NO OFICIAL),,,,
0,PASILLO 2 MANZANA 53 (NO OFICIAL),,,,
0,PASILLO ALT. OSVALDO CRUZ 3475 (NO OFICIAL),,,,
0,PASILLO EL AMANECER,,,,
0,PASILLO EVITA,,,,
0,PASILLO INTERNO MANZANA B (NO OFICIAL),,,,
0,PASILLO INTERNO MANZANA B BIS (NO OFICIAL),,,,
0,PASILLO INTERNO MANZANAS D2 Y D3 (NO OFICIAL),,,,
0,PASILLO MANZANA 56 (NO OFICIAL),,,,
0,PASILLO MANZANA 56 BIS (NO OFICIAL),,,,
0,PASILLO MANZANA 57 (NO OFICIAL),,,,
0,PASILLO MANZANA ALEGRE PAVIMENTO (NO OFICIAL),,,,
0,PASILLO MANZANAS 12-13 (NO OFICIAL),,,,
0,PASILLO MANZANAS 20-21 (NO OFICIAL),,,,
0,PASILLO MANZANAS 21-22 (NO OFICIAL),,,,
0,PASILLO MANZANAS 24-25 (NO OFICIAL),,,,
0,PASILLO PADRE CARLOS BUSTOS,,,,
0,PASILLO SIN NOMBRE OFICIAL (ALT. ZAVALETA 1101),,,,
0,PASILLO SIN NOMBRE OFICIAL CONTINUACION ZAVALETA,,,,
0,PASILLO SIN NOMBRE OFICIAL MANZANA 26 BIS,,,,
0,PASILLO SIN NOMBRE OFICIAL MANZANAS 18-19,,,,
0,PASILLO SIN NOMBRE OFICIAL MANZANAS 54-58,,,,
17029,PASO,,,,
17030,PASO DE LOS LIBRES,,,,
17031,PASTEUR,OMBU,,,
0,PASTORAL VILLERA,,,,
17032,PATAGONES,,,,
17033,PATRICIAS ARGENTINAS AV.,,,,
17035,PATRON,,,,
17036,"PAULA Y RODRIGUEZ ALVES, JOSE DE",,,,
17037,PAUNERO,,,,
17038,PAVON,,,,
17038,PAVON AV.,,,,
17039,"PAYRO, ROBERTO J.",EL TERCERO,,,
17040,PAYSANDU,,,,
17044,PAZ SOLDAN,,,,
17046,"PAZ Y FIGUEROA, MARIA ANTONIA de la",FLORENCIA,,,
17041,"PAZ, GRAL. AV.",ZUFRIATEGUI(PARCIAL),,,
17140,"PAZ, JOSE C.",ACONQUIJA,,,
17043,"PAZ, MARCOS",HAMBURGO,,,
17045,"PAZOS, JOSE",ISLAS HORCADAS,,,
17047,PEDERNERA,,,,
17048,"PEDRAZA, MANUELA",,,,
17049,PEHUAJO,,,,
17050,PEIPING,NUEVA,,,
17052,"PELLEGRINI, CARLOS",ARTES,,,
17053,"PELLEGRINI, CARLOS E.",,,,
0,"PENELON, JOSE",,,,
17054,PEÑA,,,,
17055,"PEÑA, DAVID, Dr.",,,,
17056,PEPIRI,,,,
17057,PERDRIEL,,,,
50040,"PERETTE, CARLOS H.",CALLE 5 (NO OFICIAL),,,
17059,PEREYRA,,,,
17060,PEREYRA LUCENA,LUCENA,,,
17063,"PEREZ GALDOS, BENITO AV.",SENGUEL,,,
17066,"PEREZ ROSALES, VICENTE",,,,
17064,"PEREZ, GREGORIA",LACROZE,,,
17062,"PEREZ, JOAQUIN V., COMISARIO",,,,
17061,"PEREZ, JOSE JULIAN",PEREZ,,,
0,"PEREZ, PASCUAL",,,,
17065,"PEREZ, ROQUE",URQUIZA,,,
17067,PERGAMINO,,,,
17068,PERIBEBUY,,,,
17069,PERNAMBUCO,"SANGUINETTI, JOSE A.",,,
4056,"PERON, EVA AV.","CAMPANA, AV.-QUIRNO COSTA, N.-DEL TRABAJO, AV.",,,
3050,"PERON, JUAN DOMINGO, TTE. GENERAL",CANGALLO,,,
17070,PERRAULT,,,,
17071,PERU,,,,
17072,PESCADORES,,,,
17073,PESTALOZZI,,,,
0,"PETTORUTI, EMILIO (NO OFICIAL)",,,,
17094,PI Y MARGALL,DULCE,,,
17075,PICHEUTA,,,,
17076,PICHINCHA,,,,
17076,PICHINCHA AV.,,,,
17074,PICO,,,,
17077,PIEDRA BUENA AV.,,,,
17078,PIEDRAS,,,,
17079,PIERES,,,,
17080,PILA,,,,
17081,PILAR,,,,
17082,PILCOMAYO,,,,
17083,PILLADO,LOURDES,,,
17084,PINEDO AV.,,,,
17085,"PINEDO, Int.",,,,
17086,"PINELO, LEON",,,,
4049,"PINO, Virrey del",PIRAN - PINO,,,
17087,PINTO,,,,
17088,PINZON,,,,
17089,PIRAN,,,,
17090,PIROVANO,MARMOL,,,
17091,"PISSARRO, VICTOR",,,,
17092,PITAGORAS,SIN NOMBRE OFICIAL,,,
17092,PITAGORAS,PITAGORAS,,,
17092,PITAGORAS,,,,
17093,"PITTALUGA, EDUARDO, Dr.",,,,
17095,PIZARRO,,,,
17096,"PIZARRO, FRANCISCO",,,,
17097,PIZZURNO,,,,
1162,PJE (AV. ROCA 5100),,,,
1168,PJE (AV. ROCA 5400),,,,
1158,PJE (F.F.DE LA CRUZ 5200),,,,
30022,PJE (J.B. JUSTO 9100),,,,
1161,PJE (LARRAZABAL 4700),,,,
30001,PJE (MOZART 2370),,,,
17151,PJE.PARTICULAR (ALT. BALBOA 458),,,,
17148,PJE.PARTICULAR (ALT. BENEDETTI 170),,,,
17149,PJE.PARTICULAR (ALT. RIVADAVIA 11080),,,,
17154,PJE.PARTICULAR (ALT. YERBAL 5949),,,,
17098,PLANES,,,,
17099,PLAZA,,,,
4024,"PLAZA, VICTORINO de la, Dr.",,,,
17100,PLUMERILLO,,,,
17101,PLUS ULTRA,,,,
17102,PLUTARCO,,,,
17103,"PODESTA, JOSE J.",,,,
17104,"PODESTA, PABLO",,,,
17105,POLA,,,,
17119,"POLIZA, PRACTICO",,,,
17106,POLONIA,,,,
17107,"POMAR, GREGORIO Tte. Cnel.",PATAGONES,,,
17108,"PONCE, ANIBAL",,,,
17110,"PORCEL DE PERALTA, MANUEL",,,,
17111,PORTELA,,,,
17112,PORTILLO,CHUQUISACA,,,
17113,PORTUGAL,,,,
17114,POSADAS,,,,
17115,"POSADAS, ALEJANDRO, Dr.",,,,
17116,POSTA,,,,
17117,POSTA DE HORNILLOS,,,,
17118,POTOSI,,,,
17120,PRAGA,,,,
50041,PREFECTURA NAVAL ARGENTINA,CALLE 8,,,
19045,PRELADO DON BUENAVENTURA RISSO PATRON,,,,
0,PRIMAVERA (NO OFICIAL),,,,
10016,PRIMERA JUNTA,JUNTA,,,
17122,"PRIMOLI, JUAN B.",,,,
17123,PRINGLES,,,,
17124,"PRINS, ENRIQUE",,,,
17125,PROMETEO,,,,
17126,PROVINCIAS UNIDAS,ROBLES,,,
17127,"PRUDAN, MANUEL SILVESTRE, TTE.",PRUDAN,,,
17128,PUAN,,,,
17129,"PUCH, MANUEL, Gral",,,,
20002,PUENTE ALSINA,SAENZ AV. - PUENTE JOSE FELIZ URIBURU,,,
12153,PUENTE BOSCH,"PUENTECITO - LUJAN, PEDRO DE - LUJAN",,,
0,PUENTE CABALLITO,,,,
14019,PUENTE CONSEJAL PEDRO BUSTOS,"USHUAIA - CHACARITA - NEWBERY, JORGE",,,
0,PUENTE DE LA MUJER,,,,
17130,PUENTE DEL INCA,,,,
99664,PUENTE DISTRIBUIDOR SCALABRINI ORTIZ,"LUGONES, LEOPOLDO AV.",,,
99664,PUENTE DISTRIBUIDOR SCALABRINI ORTIZ,"FIGUEROA ALCORTA, PRES. AV.",,,
99664,PUENTE DISTRIBUIDOR SCALABRINI ORTIZ,"CANTILO, Int.",,,
99664,PUENTE DISTRIBUIDOR SCALABRINI ORTIZ,"GUIRALDES, INT.",,,
8032,"PUENTE HUGO, VICTOR (NO OFICIAL)",,,,
0,PUENTE LACARRA - OLÍMPICO RIBERA SUR,,,,
13007,PUENTE MADERO (NO OFICIAL),,,,
0,PUENTE NICOLAS AVELLANEDA,,,,
0,PUENTE PEATONAL,,,,
0,PUENTE PEATONAL (SIN NOMBRE OFICIAL),,,,
0,PUENTE PEATONAL CARLOS SANCHEZ VIAMONTE,,,,
0,PUENTE PEATONAL CORVALAN,,,,
0,PUENTE PEATONAL EX PARQUE DE LA CIUDAD (NO OFICIAL),,,,
0,PUENTE PEATONAL HOSPITAL GARRAHAN,,,,
0,PUENTE PEATONAL MIRALLA,,,,
0,PUENTE PUEYRREDON,AUTOPISTA 9 DE JULIO SUR - AUTOPISTA 1 SUR PRESIDENTE ARTURO FRONDIZI,,,
20029,PUENTE SANCHEZ DE BUSTAMANTE,BUSTAMANTE,,,
0,PUENTE VICTORINO DE LA PLAZA,,,,
23073,PUENTE VIRGILIO (NO OFICIAL),,,,
27001,PUENTE ZABALA (NO OFICIAL),,,,
17131,PUERTO PRINCIPE,,,,
17132,PUEYRREDON AV.,CENTRO AMERICA,,,
17133,"PUEYRREDON, HONORIO, DR. AV.","PARRAL, AV.",,,
17134,"PUEYRREDON, PRILIDIANO",,,,
17135,PUJOL,,,,
17136,PUMACAHUA,,,,
17137,PUNA,,,,
17138,PUNTA ARENAS,,,,
17138,PUNTA ARENAS,HEREDIA (parcial),,,
0,"PUPILLO, LIBORIO, PASEO",,,,
3247,"PY, COMODORO AV.",SAN MARTIN,,,
18001,"QUARTINO, JOSE N., ING. AV.","ANTEPUERTO, AV.",,,
18002,QUEBRACHO,LAPACHO,,,
18003,QUERANDIES,,,,
18004,QUEROL,,,,
18005,QUESADA,,,,
18006,QUEVEDO,,,,
18007,QUILMES,,,,
1137,"QUINQUELA MARTIN, BENITO",AUSTRALIA,,,
18010,QUINTANA,,,,
18011,"QUINTANA, JOSE DE LA",,,,
18012,"QUINTANA, MANUEL, PRES.","DE LA REPUBLICA, Av.",,,
18012,"QUINTANA, MANUEL, PRES. AV.","DE LA REPUBLICA, Av.",,,
18013,"QUINTEROS, LIDORO J. AV.",,,,
18014,QUIRNO,,,,
18015,"QUIRNO COSTA, NORBERTO, Dr.",JEAN JAURES - BERMEJO,,,
18052,QUIROGA JUAN FACUNDO BRIG. GRAL.,,,,
18016,"QUIROGA, HORACIO",,,,
18017,QUIROS,ZENTENO,,,
18018,QUITO,,,,
19057,"RABANAL, FRANCISCO, INTENDENTE AV.",CAMINO AL PUENTE ALSINA O DE LA TABLADA-ROCA AV. T,,,
19057,"RABANAL, FRANCISCO, INTENDENTE AV.",CAMINO AL PUENTE ALSINA O DE LA TABLADA,,,
19106,"RACEDO, EDUARDO, Tte. Gral.",Ex Calle 9 Barrio Savio,,,
19001,RAFAELA,,,,
19002,RAMALLO,,,,
19004,"RAMIREZ DE VELASCO, JUAN",VELASCO,,,
19003,"RAMIREZ, CARLOS M.",SANTA CLARA,,,
19105,"RAMIREZ, CEFERINO, COMODORO",EX CALLE 6 BARRIO,,,
19005,"RAMIREZ, EUGENIO",,,,
19006,RAMON Y CAJAL,,,,
19008,RAMOS MEJIA,VERA-SAN JUAN(PARCIAL),,,
19007,"RAMOS MEJIA, JOSE MARIA, DR. AV.",,,,
19009,RAMSAY,,,,
19010,RANQUELES,,,,
19011,RASTREADOR FOURNIER,,,,
4106,RAUCH,SALONICA,,,
19013,RAULET,SAUJIL,,,
19014,RAULIES,,,,
19015,"RAVIGNANI, EMILIO, Dr.","ARGUIBEL, ANDRES",,,
19016,RAWSON,,,,
4098,"RAWSON DE DELLEPIANE, ELVIRA AV.",BRASIL Av.,,,
0,"REARTE, GUSTAVO",,,,
19017,RECONQUISTA,LA RECONQUISTA,,,
19018,RECUERDOS DE PROVINCIA,,,,
19019,"RECUERO, CASIMIRO, Tte. Cnel.",,,,
17034,REGIMIENTO DE PATRICIOS AV.,PATRICIOS,,,
19020,REMEDIOS,,,,
19021,RENACIMIENTO,,,,
19022,RENAN,,,,
19023,RENQUE CURA,,,,
1091,"REPETTO, NICOLAS, DR.","ROJAS, FLORENCIA-AÑASCO",,,
19024,REPUBLICA,,,,
13016,REPUBLICA ARABE SIRIA,MALABIA,,,
23033,REPUBLICA BOLIVARIANA DE VENEZUELA,,,,
4096,REPUBLICA DE ESLOVENIA,"DUMONT, SANTOS-CHENAUT, LEONES",,,
19025,REPUBLICA DE INDONESIA,BIBLIOTECA,,,
19026,REPUBLICA DE LA INDIA,ACEVEDO,,,
19027,REPUBLICA DE SAN MARINO,,,,
19103,REPUBLICA DEL LIBANO,,,,
19051,REPUBLICA DOMINICANA,BOULEVAR CHARCAS,,,
19029,RESERVISTAS ARGENTINOS,FRAGUEIRO,,,
19029,RESERVISTAS ARGENTINOS AV.,FRAGUEIRO,,,
19030,RESURRECCION,,,,
0,"REYES BARBOSA, MIGUEL",,,,
19032,"RICCHERI, PABLO, Tte. Gral.",,,,
19031,"RICCIO, GUSTAVO",,,,
19033,"RICO, Cnel.",,,,
4025,RIESTRA AV.,,,,
19034,RIGLOS,,,,
19035,RINCON,,,,
19037,RIO COLORADO,,,,
19038,RIO CUARTO,SANTA ROSALIA,,,
19039,RIO DE JANEIRO,GRAN CHACO,,,
19040,RIO GRANDE,,,,
19042,RIO LIMAY,LIMAY,,,
19102,RIO NEGRO,"SAVIO, GRAL.",,,
19043,RIO PIEDRAS,,,,
19044,RIO SALADO,,,,
19036,RIOBAMBA,RIO BAMBA,,,
0,"RIVA, GASTON",SIN NOMBRE OFICIAL (ALT. LAUTARO 1800),,,
19046,RIVADAVIA AV.,PRIMERA JUNTA (parcial),,,
19047,"RIVADAVIA MARTIN, COMODORO",,,,
19048,"RIVAROLA, PANTALEON",,,,
19049,"RIVAROLA, RODOLFO, Dr.",LA RURAL,,,
19050,"RIVAS, Gral.",SANTO TOME - ARIAS,,,
70000,"RIVAS, JOAQUIN, ALFEREZ DE FRAGATA",,,,
19054,RIVERA INDARTE AV.,,,,
19052,"RIVERA, FRUCTUOSO, GENERAL",NORQUIN,,,
19053,"RIVERA, PEDRO I., Dr.",BEBEDERO,,,
1135,"ROBBIANI, ANGEL Dr.","ATENZO, LEOPOLDO Mec. Militar",,,
19055,ROBERTSON,,,,
4026,"ROBLA, JUAN F., de la",,,,
19057,"ROCA, CNEL. AV.",CAMINO AL PUENTE ALSINA O DE LA TABLADA,,,
19057,"ROCA, CNEL. AV.",,,,
19058,"ROCA, JULIO A., PRESIDENTE DIAGONAL SUR AV.",DIAGONAL SUD,,,
19059,ROCAMORA,,,,
19060,ROCHA,,,,
19061,"ROCHA, DARDO",,,,
19062,ROCHDALE,,,,
19063,RODNEY,PADILLA,,,
19064,"RODO, JOSE E.",ARECO,,,
19071,RODRIGUEZ PEÑA,,,,
19066,"RODRIGUEZ, ALONSO",,,,
19067,"RODRIGUEZ, IGNACIO F.",,,,
19068,"RODRIGUEZ, MANUEL A., GENERAL",SAPALERI-COLPAYO-LEZICA,,,
19069,"RODRIGUEZ, MARTIN",,,,
19072,"RODRIGUEZ, PIO",,,,
19073,"ROENTGEN, AV.",,,,
19104,"ROFFO, ANGEL H., Dr.",,,,
19099,"ROGER, ENRIQUE, A., Avdor.",,,,
19074,"ROHDE, Cnel.",,,,
19075,ROJAS,,,,
19076,"ROJAS, DIEGO de",,,,
19077,"ROJAS, RICARDO, Dr.",SANTA FE,,,
19078,"ROLDAN, BELISARIO AV.","DEL MONTE, AV.",,,
19079,ROMA,,,,
19080,ROMERO,,,,
19108,"ROMERO, D.",,,,
19081,"ROMERO, EDUARDO, Sgto.",,,,
50037,"ROMERO, FRANCISCO",,,,
19082,RONDEAU,,,,
19083,ROOSEVELT FRANKLIN D.,GUANACACHE,,,
19083,ROOSEVELT FRANKLIN D. AV.,GUANACACHE,,,
19084,ROSALES AV.,,,,
19086,ROSARIO,,,,
19087,ROSARIO DE LA FRONTERA,,,,
19088,ROSETI,LOYOLA - AFRICA (parcial),,,
10010,"ROUSSEAU, JUAN J.",JUAN JACOBO,,,
19089,RUBENS,BOERI,,,
17081,"RUCCI, JOSE IGNACIO",PILAR,,,
19090,RUFINO,,,,
19091,"RUGGIERI, SILVIO L.",VIDT,,,
19092,RUIZ DE LOS LLANOS,,,,
19093,RUIZ HUIDOBRO,,,,
19093,RUIZ HUIDOBRO AV.,,,,
19094,"RUIZ MORENO, JULIO, GRAL.",,,,
19095,RUMANIA,,,,
19096,RUSIA,,,,
19097,RUSSEL,,,,
19098,RUY DIAZ DE GUZMAN,RUY DIAZ,,,
20001,SAAVEDRA,,,,
20002,SAENZ AV.,,,,
20003,"SAENZ PEÑA, LUIS, PRES.",LOREA-SAENZ PENA,,,
20004,"SAENZ PEÑA, ROQUE, PRES. DIAGONAL NORTE AV.",DIAGONAL NORTE,,,
20005,"SAENZ VALIENTE, ANSELMO",SAENZ VALIENTE-ALVARIÑOS,,,
20006,"SAENZ VALIENTE, JUAN PABLO",,,,
20006,"SAENZ VALIENTE, JUAN PABLO (PJE PART RIVER PLATE)",,,,
20016,"SAENZ, MANUELA",,,,
20135,"SAGASTA ISLA, JOSE MARIA",,,,
4027,"SALA, CANDIDO DE LA, TTE.",,,,
20007,SALADILLO,,,,
20008,SALALA,,,,
20009,SALAS,,,,
20010,SALCEDO,,,,
20011,SALDIAS ADOLFO,,,,
20012,"SALGUERO, JERONIMO",SALGUERO-CANNING,,,
20014,"SALMUN FEIJOO, JOSE AARON",UNIVERSIDAD,,,
20015,SALOM,DEL HORNO (parcial),,,
20047,SALOTTI MARTHA,,,,
20017,SALTA,,,,
20018,SALTO,,,,
20019,"SALVADORES, Cnel.",SARMIENTO,,,
20020,SALVIGNY,,,,
30043,SALVIGNY (NO OFICIAL),SIN NOMBRE OFICIAL (ALT. AV EST. BONORINO 2000),,,
0,SALVIGNY (NO OFICIAL),,,,
20132,"SAMPERIO, MANUEL J.","GARCIA, MARTIN",,,
20023,SAN ANTONIO,"DONATO ALVAREZ, Tte.Gral. - SAN ANTONIO",,,
0,SAN ANTONIO (NO OFICIAL),,,,
20024,SAN ANTONIO DE ARECO,,,,
20025,SAN BENITO DE PALERMO,,,,
20026,SAN BLAS,,,,
20027,SAN CARLOS,,,,
20032,SAN FRANCISCO,"AGUADO, ALEJANDRO MARIA",,,
20033,SAN FRANCISCO DE ASIS,,,,
20034,"SAN GINES, MANUEL DE",,,,
20035,SAN IGNACIO,CAMIO,,,
20036,SAN IRENEO,,,,
20037,SAN ISIDRO LABRADOR AV.,CAMINO REAL A SAN ISIDRO - SAN ISIDRO,,,
0,SAN JORGE (NO OFICIAL),,,,
0,SAN JORGE (VILLA 21-24) (NO OFICIAL),PASILLO SIN NOMBRE OFICIAL (ALT. OSVALDO CRUZ 3651),,,
20038,SAN JOSE,,,,
20039,SAN JOSE DE CALASANZ,PICHEUTA,,,
0,SAN JUAN (NO OFICIAL),,,,
20040,SAN JUAN AV.,,,,
12164,SAN JUAN BAUTISTA DE LA SALLE AV.,,,,
20041,SAN LORENZO,,,,
20043,SAN LUIS,,,,
20044,SAN MARTIN,,,,
20045,SAN MARTIN AV.,CAMINO A SAN MARTIN,,,
20046,SAN MARTIN DE TOURS,BULNES,,,
20048,SAN MATEO,,,,
20049,SAN NICOLAS,,,,
20050,SAN PEDRITO,,,,
20050,SAN PEDRITO AV.,,,,
20051,SAN PEDRO,,,,
99588,SAN PEDRO DE JUJUY (NO OFICIAL),,,,
20052,SAN RICARDO,,,,
20053,SAN SEBASTIAN,,,,
20021,SANABRIA,VIENA (parcial),,,
20028,SANCHEZ,,,,
20029,SANCHEZ DE BUSTAMANTE,BUSTAMANTE,,,
12137,SANCHEZ DE LORIA,LORIA,,,
12137,SANCHEZ DE LORIA AV.,LORIA,,,
30063,"SANCHEZ DE THOMPSON, MARIQUITA",,,,
19028,"SANCHEZ, MIGUEL B. AV.","LARRALDE, CRISOLOGO - REPUBLIQUETAS",,,
20042,SANLUCAR DE BARRAMEDA,VIEYTES,,,
20054,SANTA CATALINA,GARIBALDI (parcial),,,
20055,SANTA CRUZ,,,,
20056,SANTA ELENA,,,,
20057,SANTA FE AV.,,,,
20058,SANTA MAGDALENA,,,,
20059,SANTA MARIA DEL BUEN AIRE,SANTA MARIA,,,
0,SANTA MARTA (NO OFICIAL) (VILLA 31),,,,
0,SANTA RITA,,,,
0,SANTA RITA,PASILLO SIN NOMBRE OFICIAL (ALT. OSVALDO CRUZ 3730),,,
20062,SANTA ROSA,,,,
20063,SANTA TERESA,ACHUPALLAS,,,
20061,SANTANDER,INCLAN,,,
20065,SANTIAGO DE CHILE,,,,
20137,SANTIAGO DE COMPOSTELA AV.,,,,
20066,SANTIAGO DEL ESTERO,,,,
20067,SANTO DOMINGO,,,,
20068,SANTO TOME,"ARIAS, CNEL.(PARCIAL)",,,
20069,SANTOS VEGA,,,,
20070,SARACHAGA,,,,
20071,SARANDI,,,,
20072,SARAVIA,,,,
20073,SARAZA,,,,
20074,SARMIENTO,CUYO,,,
20075,SARMIENTO AV.,,,,
20079,"SASTRE, MARCOS",,,,
20129,"SAVIO, MANUEL N., GRAL.",3 DE FEBRERO-11 D,,,
20080,SAYOS,,,,
20133,"SCALABRINI ORTIZ, RAUL",CANNING,,,
20133,"SCALABRINI ORTIZ, RAUL AV.",CANNING,,,
20081,"SCAPINO, RODOLFO",,,,
20082,"SCHIAFFINO, EDUARDO",JUNIN,,,
20083,"SCHMIDL, ULRICO",SCHMIDL,,,
20085,"SEGUI, F. J., ALTE.",SEGUI,,,
20086,"SEGUI, JUAN FRANCISCO",PALERMO,,,
20087,"SEGUIN, MARCOS",,,,
20088,SEGUROLA AV.,BRUSELAS (parcial) - CAMINO A MONTE CASTRO,,,
0,"SELVETTI, HUMBERTO",,,,
0,"SEMIZA, BENIMIANO",,,,
0,SENDERO 14 DE MAYO,,,,
0,SENDERO 6 DE AGOSTO,,,,
1049,SENDERO ALTOLAGUIRRE (NO OFICIAL),,,,
4089,SENDERO AV. DORREGO (NO OFICIAL),,,,
20057,SENDERO AV. SANTA FE (NO OFICIAL),,,,
0,SENDERO COMPLEJO CIUDAD UNIVERSITARIA (Sin Nombre Oficial),,,,
0,SENDERO DE LA FUERZA,,,,
0,SENDERO DE LA PAZ,,,,
4089,SENDERO DORREGO (NO OFICIAL),,,,
2093,SENDERO ESTADO PLURINACIONAL DE BOLIVIA (NO OFICIAL),,,,
10005,SENDERO JARAMILLO (NO OFICIAL),,,,
10017,SENDERO JURAMENTO (NO OFICIAL),,,,
13026,SENDERO MANZANARES (NO OFICIAL),,,,
0,SENDERO MONTENEGRO (NO OFICIAL),,,,
0,SENDERO MUJERES VICTORIOSAS,ASTURIAS AV (NO OFICIAL),,,
0,SENDERO MUJERES VICTORIOSAS,,,,
17001,SENDERO PACHECO (NO OFICIAL),,,,
17024,SENDERO PAROISSIEN (NO OFICIAL),,,,
0,SENDERO PARQUE CHACABUCO (NO OFICIAL),,,,
0,SENDERO PEATONAL SIN NOMBRE OFICIAL,,,,
20045,SENDERO PUENTE AV. SAN MARTIN (NO OFICIAL),,,,
0,SENDERO SIN NOMBRE OFICIAL - PUENTE SOBRE AU. PERITO MORENO,,,,
0,SENDERO SIN NOMBRE OFICIAL - PUENTE SOBRE AU. SUR PTE. FRONDIZI,,,,
0,SENDERO SIN NOMBRE OFICIAL - PUENTE SOBRE AV. CASTAÑARES Y AU. CÁMPORA,,,,
0,SENDERO SIN NOMBRE OFICIAL - PUENTE SOBRE AV. DELLEPIANE ALT. 3900,,,,
0,SENDERO SIN NOMBRE OFICIAL - PUENTE SOBRE AV. DELLEPIANE ALT. 4240,,,,
0,SENDERO SIN NOMBRE OFICIAL - PUENTE SOBRE AV. DELLEPIANE ALT. 5090,,,,
0,SENDERO SIN NOMBRE OFICIAL - PUENTE SOBRE AV. DELLEPIANE ALT. 6030,,,,
0,SENDERO SIN NOMBRE OFICIAL - PUENTE SOBRE AV. DELLEPIANE ALT. 6500,,,,
0,SENDERO SIN NOMBRE OFICIAL - PUENTE SOBRE AV. GRAL PAZ ALT. 1900,,,,
0,SENDERO SIN NOMBRE OFICIAL - PUENTE SOBRE AV. LUGONES,,,,
0,SENDERO SIN NOMBRE OFICIAL - PUENTE SOBRE VÍAS ALT. CHORROARÍN 400,,,,
0,SENDERO SIN NOMBRE OFICIAL - PUENTE SOBRE VÍAS ALT. DEL LIBERTADOR 5500,,,,
0,SENDERO SIN NOMBRE OFICIAL - PUENTE SOBRE VÍAS ALT. ELCANO 4400,,,,
0,SENDERO SIN NOMBRE OFICIAL - PUENTE SOBRE VÍAS ALT. GUTIÉRREZ R. 3100,,,,
23016,SENDERO VEDIA (NO OFICIAL),,,,
0,SENDERO ZAPATA (NO OFICIAL),,,,
20089,SENILLOSA,CORTINA,,,
20090,SERRANO,,,,
20136,"SERRANO, ENRIQUE",,,,
20091,SERVET,BOZZALA,,,
20092,SEVILLA,,,,
20093,SHAKESPEARE,,,,
20094,SHANGHAI,,,,
20095,SIERRA GRANDE,,,,
20096,SILVA CAYETANO A.,,,,
20097,SIMBRON,,,,
0,SIN FRONTERAS (NO OFICIAL),,,,
0,SIN NOMBRE OFICIAL (ALT RIESTRA 2480),,,,
0,SIN NOMBRE OFICIAL (ALT. 20 DE SEPTIEMBRE 200),"SANTA TERESA - BRIN, Ministro",,,
0,SIN NOMBRE OFICIAL (ALT. AV CASTAÑARES 3500),,,,
0,SIN NOMBRE OFICIAL (ALT. AV ESCALADA 2750),,,,
0,SIN NOMBRE OFICIAL (ALT. AV ESCALADA 2850),,,,
30044,SIN NOMBRE OFICIAL (ALT. AV EST. BONORINO 2100),,,,
99589,SIN NOMBRE OFICIAL (ALT. AV RAFAEL OBLIGADO 1170),,,,
0,SIN NOMBRE OFICIAL (ALT. CASTAÑARES 3450),,,,
30026,SIN NOMBRE OFICIAL (ALT. CASTAÑARES 4595),,,,
30027,SIN NOMBRE OFICIAL (ALT. CASTAÑARES 4653),,,,
30028,SIN NOMBRE OFICIAL (ALT. CASTAÑARES 4719),,,,
30029,SIN NOMBRE OFICIAL (ALT. CASTAÑARES 4951),,,,
0,SIN NOMBRE OFICIAL (ALT. CHARRUA 2300),,,,
50004,SIN NOMBRE OFICIAL (ALT. CNEL.ROCA 4677),,,,
50009,SIN NOMBRE OFICIAL (ALT. CNEL.ROCA 5000),,,,
30031,SIN NOMBRE OFICIAL (ALT. DELLEPIANE 4886),,,,
0,SIN NOMBRE OFICIAL (ALT. DELLEPIANE 4888),,,,
30032,SIN NOMBRE OFICIAL (ALT. DELLEPIANE 4990),,,,
30001,"SIN NOMBRE OFICIAL (ALT. DELLEPIANE, LUIS, TTE. GRAL 4200)",,,,
30001,"SIN NOMBRE OFICIAL (ALT. DELLEPIANE, LUIS, TTE. GRAL 4210)",,,,
30069,SIN NOMBRE OFICIAL (ALT. EDISON 2700),,,,
30034,SIN NOMBRE OFICIAL (ALT. ESCALADA 2789 S),,,,
50006,SIN NOMBRE OFICIAL (ALT. ESCALADA AL 4500),,,,
50001,SIN NOMBRE OFICIAL (ALT. ESCALADA AL 4600),,,,
50002,SIN NOMBRE OFICIAL (ALT. ESCALADA AL 4700),,,,
1178,SIN NOMBRE OFICIAL (ALT. GURRUCHAGA 1900),,,,
50007,SIN NOMBRE OFICIAL (ALT. LARRAZABAL 4700),,,,
50011,SIN NOMBRE OFICIAL (ALT. LARRAZABAL 4800,,,,
50015,SIN NOMBRE OFICIAL (ALT. LARRAZABAL 5200),,,,
50003,SIN NOMBRE OFICIAL (ALT. LARRAZABAL 5230),,,,
50012,SIN NOMBRE OFICIAL (ALT. LARRAZABAL 5260),,,,
50005,SIN NOMBRE OFICIAL (ALT. LARRAZABAL 5270),,,,
30016,SIN NOMBRE OFICIAL (ALT. MIN. BRIN 400),,,,
30016,SIN NOMBRE OFICIAL (ALT. MIN. BRIN 450),,,,
30001,SIN NOMBRE OFICIAL (ALT. MOZART 2300),,,,
30001,SIN NOMBRE OFICIAL (ALT. MOZART 2370),,,,
30000,SIN NOMBRE OFICIAL (ALT. MOZART 2400),,,,
30000,SIN NOMBRE OFICIAL (ALT. MOZART 2470),,,,
30000,SIN NOMBRE OFICIAL (ALT. MOZART 2700),,,,
30015,SIN NOMBRE OFICIAL (ALT. NECOCHEA 100),,,,
30014,SIN NOMBRE OFICIAL (ALT. NECOCHEA 200),,,,
30065,SIN NOMBRE OFICIAL (ALT. PI Y MARGALL 900),,,,
0,"SIN NOMBRE OFICIAL (ALT. RIVADAVIA, AV. 4500)",,,,
99590,SIN NOMBRE OFICIAL (ALT. SALGUERO 3510),,,,
0,SIN NOMBRE OFICIAL (ALT. SANTANDER 6200),,,,
30000,SIN NOMBRE OFICIAL (ALT. SARAZA 4200),,,,
30008,SIN NOMBRE OFICIAL (ALT. SARAZA 4300),,,,
30008,SIN NOMBRE OFICIAL (ALT. SARAZA 4400),,,,
0,SIN NOMBRE OFICIAL (ALT. SARAZA 6400),,,,
50022,SIN NOMBRE OFICIAL (ALT. SARAZA AL 4200),,,,
0,SIN NOMBRE OFICIAL (ALT. TORRES Y TENORIO 2500),,,,
0,SIN NOMBRE OFICIAL (ALT. TORRES Y TENORIO 2600),,,,
0,SIN NOMBRE OFICIAL (ALT. ZAVALETA 1331),,,,
50010,SIN NOMBRE OFICIAL (AV. CNEL. ROCA 5300),,,,
50014,SIN NOMBRE OFICIAL (AV. CNEL. ROCA 5437),,,,
30045,SIN NOMBRE OFICIAL (AV. COREA AL 1800),,,,
0,SIN NOMBRE OFICIAL (CONTINUACION VERACRUZ),,,,
0,SIN NOMBRE OFICIAL (MARIANO ACOSTA 2500),,,,
30051,SIN NOMBRE OFICIAL (SALE G.URIBURU 5865),,,,
0,SIN NOMBRE OFICIAL (VILLA 31),,,,
20098,SINCLAIR,,,,
20099,"SIVORI, EDUARDO",,,,
20064,"SKENNON, MIGUEL","SANTI MIGUEL, Soldado Archivista",,,
20100,SOCRATES,,,,
20101,SOFIA,,,,
20102,"SOLA, MANUEL",,,,
3055,"SOLANO LOPEZ, F., MARISCAL",,,,
20134,SOLDADO DE LA FRONTERA AV.,Ex Av. Central Barrio Savio,,,
20103,SOLDADO DE LA INDEPENDENCIA,URIBURU JOSE FELIX DE - BLANDENGUES,,,
20104,SOLER,,,,
20105,"SOLIER, DANIEL de, Alte.",,,,
20106,SOLIS,,,,
20107,"SOLORZANO PEREIRA, JUAN DE",,,,
20108,SOMELLERA,,,,
20108,SOMELLERA,PASAJE K,,,
20109,SORIA,,,,
20110,SORIA EZEQUIEL,,,,
0,"SOTO, ANTONIO",,,,
20111,"SOURIGUES, CARLOS, Cnel.",,,,
20112,SPEGAZZINI CARLOS,,,,
20113,SPIKA ENRIQUE GRAL.,,,,
20114,"SPIRO, SAMUEL, CAPITAN",,,,
20115,STEPHENSON,,,,
20116,STORNI ALFONSINA,,,,
20118,SUAREZ,,,,
20118,SUAREZ AV.,,,,
20119,"SUAREZ, JOSE LEON",BARILOCHE,,,
20119,"SUAREZ, JOSE LEON",,,,
2081,"SUAREZ, JUSTO ANTONIO",MERLO-BILBAO,,,
20120,"SUCRE, ANTONIO JOSE de, Mcal.",SUCRE,,,
20121,SUD AMERICA,,,,
20122,SUECIA,,,,
20123,SUIPACHA,,,,
20124,SUIZA,,,,
20130,SUMACA ITATI,,,,
20131,SUMACA SANTISIMA TRINIDAD,,,,
20126,SUNCHALES,HUMBOLDT,,,
20127,SUPERI,,,,
20128,"SUSINI, ANTONIO, Cnel.",,,,
21001,TABARE,OESTE,,,
21002,"TABORDA, DIOGENES",SAN FRANCISCO,,,
21003,TACUARA,,,,
21004,TACUARI,,,,
21005,TAFI,,,,
21006,TAGLE,,,,
21008,TALAVERA,,,,
21009,TALCAHUANO,,,,
21010,"TAMBORINI, JOSE PASCUAL",,,,
21011,TANDIL,,,,
21012,TAPALQUE,,,,
21013,TARIJA,,,,
21014,TARTAGAL PJE.,,,,
21015,TASSO,,,,
21016,"TEDIN, JUEZ",,,,
21017,TEGUCIGALPA,,,,
21018,TEJEDOR,CONSTITUCION,,,
21020,TEMPERLEY,,,,
21021,TERRADA,,,,
21022,TERRERO,,,,
21023,"TERRY, JOSE A.",,,,
21024,THAMES,,,,
21025,THOME JUAN M.,,,,
21026,THOMPSON,,,,
21027,THORNE,,,,
21028,TIERRA DEL FUEGO,,,,
21029,TILCARA,,,,
21029,TILCARA AV.,,,,
21030,TIMBO,,,,
21031,TIMBUES,,,,
21032,TINOGASTA,,,,
21033,TOAY,,,,
21034,TOBAS,,,,
21035,TOKIO,,,,
21036,TOLEDO,,,,
21037,TOLL,,,,
21038,TONELERO,,,,
21039,"TORNQUIST, ERNESTO AV.",,,,
21040,TORRENT,,,,
21041,"TORRES Y TENORIO, Pres.",CURAPALIGUE - TORRES CAMILO,,,
0,"TORRES, FRANCISCO",,,,
21042,TOSCANINI ARTURO,,,,
21043,TOTORAL,,,,
21044,TRAFUL,TANDIL - TOAY (parcial),,,
21045,TREINTA Y TRES ORIENTALES,TREINTA Y TRES,,,
21046,TREJO NEMESIO,,,,
21047,"TRELLES, MANUEL R.",TRELLES - BELLA VISTA,,,
21047,"TRELLES, MANUEL R. AV.",TRELLES - BELLA VISTA,,,
21048,TRENQUE LAUQUEN,,,,
21049,TRES ARROYOS,MONTE EGMONT,,,
21051,TRES LOMAS,,,,
21052,TRES SARGENTOS,,,,
21053,TREVERIS,,,,
19065,"TRIANA, RODRIGO de",,,,
21055,TRIESTE,,,,
21056,TRIPOLI,,,,
21057,TRIUNVIRATO AV.,,,,
3079,"TROILO, ANIBAL",CARRIL,,,
21058,TROLE,TREINTA Y TRES,,,
21059,TRONADOR,ESTOMBA Y PLAZA,,,
30021,"TROXLER, JULIO",,,,
21060,TUCUMAN,,,,
21061,TUNEZ,,,,
21062,TUPAC AMARU,,,,
21063,TUPIZA PJE.,,,,
21064,TURIN,,,,
21065,TURQUIA,,,,
21066,TUYU,,,,
21067,TUYUTI,,,,
22001,UCACHA,,,,
22003,"UDAONDO, GUILLERMO AV.",,,,
22020,"UGARTE, MANUEL",NAHUEL HUAPI,,,
22004,UGARTECHE,,,,
22002,UKRANIA,,,,
22005,"UNAMUNO, MIGUEL de",,,,
22006,UNANUE,,,,
22007,"UNQUERA, BALTASAR de",,,,
22008,URDANETA,,,,
22009,URDININEA,,,,
22010,URIARTE,,,,
22011,URIBURU,,,,
22012,"URIBURU JOSE E., Pres.",ANDES,,,
22021,"URIBURU, NAPOLEON, GRAL.",EX CALLE 5 BARRIO,,,
22013,URIEN,,,,
22014,"URQUIZA, Gral.",CARIDAD,,,
22019,URTUBEY CLODOMIRO CDRO.,,,,
22015,URUGUAY,,,,
22015,URUGUAY AV.,,,,
22016,URUNDAY,,,,
22017,USHUAIA PASAJE (PJE. PARTICULAR),,,,
22018,USPALLATA,,,,
4068,"UZAL, FRANCISCO de",,,,
23001,VALDENEGRO,,,,
23002,VALDERRAMA,,,,
23003,"VALDIVIA, PEDRO de",,,,
23004,VALENCIA,,,,
23005,"VALENCIA, TOMAS",,,,
23007,VALLE,DON CRISTOBAL,,,
4059,"VALLE IBERLUCEA del, Dr.",DEL CRUCERO,,,
1174,VALLE PJE. PARTICULAR (ALT. ARGERICH 500),,,,
4057,"VALLE, ARISTOBULO DEL",INDUSTRIA,,,
4035,"VALLE, J.J., GRAL. DIV.",DEL BANADO,,,
4058,"VALLE, MARIA R. DEL",,,,
23009,VALLEJOS,PANAMA,,,
23081,"VALLESE, FELIPE",TRANWAY - CANALEJAS,,,
23006,VALPARAISO,,,,
23010,"VARAS, JOSE PEDRO",,,,
23011,VARELA,,,,
23011,VARELA AV.,,,,
23012,"VARELA, JACOBO ADRIAN",,,,
23013,"VARELA, JOSE PEDRO",RAMIREZ(PARCIAL)-SAN ROQUE,,,
23014,VARSOVIA,,,,
6062,"VAZ FERREIRA, CARLOS, Dr.",,,,
23016,VEDIA,,,,
23017,"VEDIA, AGUSTIN DE",NORTE,,,
23018,"VEDIA, ENRIQUE de",,,,
23020,VEGA BELGRANO CARLOS,,,,
23021,"VEGA, NICETO, Cnel.",GUAYANAS,,,
23021,"VEGA, NICETO, Cnel. AV.",GUAYANAS,,,
4034,"VEGA, VENTURA de la",CAMINO A PUENTE ALSINA,,,
23027,"VELARDE, PEDRO",,,,
23029,VELAZQUEZ,,,,
23031,VELEZ SARSFIELD AV.,,,,
23030,"VELEZ, BERNARDO, DR.",,,,
23032,VENECIA,,,,
23034,VENIALVO,,,,
23035,VENTANA,,,,
23036,VERA,,,,
23485,"VERA PEÑALOZA, ROSARIO",,,,
23037,VERACRUZ,,,,
23038,VERDAGUER JACINTO,,,,
23039,"VERDI, JOSE",,,,
23041,VERNET AV.,GARAY,,,
23042,VERTIZ VIRREY AV.,,,,
23043,VESPUCIO,,,,
23044,"VIALE, LUIS",DUNGENES,,,
23045,VIAMONTE,,,,
23048,"VICTORICA, BENJAMIN, GENERAL, AV.","INTERNACIONAL, AV",,,
23080,"VICTORICA, MIGUEL C.",,,,
23049,VIDAL,,,,
23050,VIDAL EMERIC E.,,,,
23051,VIDELA CASTILLO,,,,
23052,"VIDELA, NICOLAS E.",,,,
23053,VIDT,,,,
23054,"VIEDMA, FRANCISCO de",,,,
0,VIEJO PUENTE PUEYRREDON,,,,
23055,VIEJOBUENO,,,,
23056,VIEL,LEZICA,,,
23057,VIENA,,,,
23058,VIEYRA,,,,
23059,VIEYTES,,,,
7099,"VIGIL, CONSTANCIO C.","GUEMES TORINO, JORGE, CADETE",,,
23060,VIGO,,,,
23083,"VILA, NICOLAS",,,,
23061,"VILARDEBO, TEODORO",PEDRO VILARDEBO - ATALAYA,,,
23062,VILELA,,,,
23079,VILLA DE MASNOU,,,,
23065,VILLA JUNCAL,,,,
23063,"VILLAFAÑE, BENJAMIN",,,,
23064,"VILLAFAÑE, WENCESLAO",ALEGRIA,,,
23484,"VILLAFLOR, AZUCENA","MONSERRAT-BELGRANO, AV.",,,
23066,VILLANUEVA,,,,
23067,VILLARINO,,,,
23068,VILLARROEL,,,,
23082,"VILLEGAS, CONRADO, Gral.",Ex Calle 2 Barrio Savio,,,
23069,VINCHINA,,,,
23070,"VINTTER, LORENZO, GENERAL",HELVECIA,,,
23071,VIRASORO,,,,
23072,"VIRASORO, VALENTIN",MIRINAY,,,
23073,VIRGILIO,,,,
23074,VIRREYES,,,,
23075,VITTORIA FRANCISCO de,,,,
23076,VOLTA,,,,
23077,VOLTAIRE,,,,
23078,"VUCETICH, JUAN",,,,
16002,VUELTA DE OBLIGADO,OBLIGADO,,,
24001,WAGNER,,,,
0,"WALSH, RODOLFO",CALLE 4 (NO OFICIAL),,,
24002,WARNES AV.,,,,
24003,WASHINGTON,,,,
24006,WHITE,GARIBALDI (parcial),,,
24004,WILDE EDUARDO PJE.,,,,
24005,"WILLIAMS, ALBERTO",,,,
26001,YAPEYU,GRANZE-LOYTEGUI,,,
26002,YATAY,,,,
26003,YERBAL,,,,
26004,YERUA,,,,
26005,"YRIGOYEN, HIPOLITO",,,,
26005,"YRIGOYEN, HIPOLITO AV.",,,,
26008,YRUPE,,,,
26006,"YRURTIA, ROGELIO",,,,
26007,YUGOSLAVIA,,,,
27001,ZABALA,,,,
0,"ZABALA, JOAQUIN, DR.",,,,
27002,ZADO,,,,
27003,ZALDIVAR PEDRO F.,,,,
27004,ZAMUDIO,FLORENCIA (parcial),,,
27027,ZANNI PEDRO COMODORO,,,,
27005,ZAÑARTU,RONDEAU,,,
27006,ZAPALA,,,,
27007,ZAPATA,,,,
27008,ZAPIOLA,,,,
27009,ZARATE,,,,
27011,ZARRAGA,,,,
27012,ZAVALETA,,,,
27013,ZAVALIA,,,,
5034,"ZAZPE, VICENTE FAUSTINO MONSEÑOR",EL LAZO,,,
27014,"ZEBALLOS, ESTANISLAO S.",,,,
27015,ZELADA,,,,
27016,ZELARRAYAN,,,,
27017,ZELAYA,,,,
3113,ZENTENO,,,,
27018,ZEPITA,,,,
27020,ZINNY,,,,
27021,"ZOLA, EMILIO",,,,
27022,"ZOLEZZI, ANTONIO L.",RAULET,,,
2146,"ZONZA BRIANO, PEDRO",,,,
0,"ZORRILLA, ALBERTO",,,,
27024,"ZUBERBUHLER, CARLOS E.",,,,
27025,ZURICH,,,,
27026,ZUVIRIA,COCHABAMBA,,,
50026,ZUVIRIA,SIN NOMBRE OFICIAL (ALT. L.A.HERRERA 3400),,,